,airline,lethality_period,lethality_value,fatalities_period,fatalities_value,incident_period,incident_value,fatal_accident_period,fatal_accident_value
0,Aeroflot*,lethality_85_99,0.18421052631578946,fatalities_85_99,106.87397385434102,incidents_85_99,76,fatal_accidents_85_99,14
1,Aeroflot*,lethality_85_99,0.18421052631578946,fatalities_85_99,106.87397385434102,incidents_85_99,76,fatal_accidents_00_14,1
2,Aeroflot*,lethality_85_99,0.18421052631578946,fatalities_85_99,106.87397385434102,incidents_00_14,6,fatal_accidents_85_99,14
3,Aeroflot*,lethality_85_99,0.18421052631578946,fatalities_85_99,106.87397385434102,incidents_00_14,6,fatal_accidents_00_14,1
4,Aeroflot*,lethality_85_99,0.18421052631578946,fatalities_00_14,73.47585702485945,incidents_85_99,76,fatal_accidents_85_99,14
5,Aeroflot*,lethality_85_99,0.18421052631578946,fatalities_00_14,73.47585702485945,incidents_85_99,76,fatal_accidents_00_14,1
6,Aeroflot*,lethality_85_99,0.18421052631578946,fatalities_00_14,73.47585702485945,incidents_00_14,6,fatal_accidents_85_99,14
7,Aeroflot*,lethality_85_99,0.18421052631578946,fatalities_00_14,73.47585702485945,incidents_00_14,6,fatal_accidents_00_14,1
8,Aeroflot*,lethality_00_14,0.16666666666666666,fatalities_85_99,106.87397385434102,incidents_85_99,76,fatal_accidents_85_99,14
9,Aeroflot*,lethality_00_14,0.16666666666666666,fatalities_85_99,106.87397385434102,incidents_85_99,76,fatal_accidents_00_14,1
10,Aeroflot*,lethality_00_14,0.16666666666666666,fatalities_85_99,106.87397385434102,incidents_00_14,6,fatal_accidents_85_99,14
11,Aeroflot*,lethality_00_14,0.16666666666666666,fatalities_85_99,106.87397385434102,incidents_00_14,6,fatal_accidents_00_14,1
12,Aeroflot*,lethality_00_14,0.16666666666666666,fatalities_00_14,73.47585702485945,incidents_85_99,76,fatal_accidents_85_99,14
13,Aeroflot*,lethality_00_14,0.16666666666666666,fatalities_00_14,73.47585702485945,incidents_85_99,76,fatal_accidents_00_14,1
14,Aeroflot*,lethality_00_14,0.16666666666666666,fatalities_00_14,73.47585702485945,incidents_00_14,6,fatal_accidents_85_99,14
15,Aeroflot*,lethality_00_14,0.16666666666666666,fatalities_00_14,73.47585702485945,incidents_00_14,6,fatal_accidents_00_14,1
16,Aerolineas Argentinas,lethality_85_99,0.0,fatalities_85_99,0.0,incidents_85_99,6,fatal_accidents_85_99,0
17,Aerolineas Argentinas,lethality_85_99,0.0,fatalities_85_99,0.0,incidents_85_99,6,fatal_accidents_00_14,0
18,Aerolineas Argentinas,lethality_85_99,0.0,fatalities_85_99,0.0,incidents_00_14,1,fatal_accidents_85_99,0
19,Aerolineas Argentinas,lethality_85_99,0.0,fatalities_85_99,0.0,incidents_00_14,1,fatal_accidents_00_14,0
20,Aerolineas Argentinas,lethality_85_99,0.0,fatalities_00_14,0.0,incidents_85_99,6,fatal_accidents_85_99,0
21,Aerolineas Argentinas,lethality_85_99,0.0,fatalities_00_14,0.0,incidents_85_99,6,fatal_accidents_00_14,0
22,Aerolineas Argentinas,lethality_85_99,0.0,fatalities_00_14,0.0,incidents_00_14,1,fatal_accidents_85_99,0
23,Aerolineas Argentinas,lethality_85_99,0.0,fatalities_00_14,0.0,incidents_00_14,1,fatal_accidents_00_14,0
24,Aerolineas Argentinas,lethality_00_14,0.0,fatalities_85_99,0.0,incidents_85_99,6,fatal_accidents_85_99,0
25,Aerolineas Argentinas,lethality_00_14,0.0,fatalities_85_99,0.0,incidents_85_99,6,fatal_accidents_00_14,0
26,Aerolineas Argentinas,lethality_00_14,0.0,fatalities_85_99,0.0,incidents_00_14,1,fatal_accidents_85_99,0
27,Aerolineas Argentinas,lethality_00_14,0.0,fatalities_85_99,0.0,incidents_00_14,1,fatal_accidents_00_14,0
28,Aerolineas Argentinas,lethality_00_14,0.0,fatalities_00_14,0.0,incidents_85_99,6,fatal_accidents_85_99,0
29,Aerolineas Argentinas,lethality_00_14,0.0,fatalities_00_14,0.0,incidents_85_99,6,fatal_accidents_00_14,0
30,Aerolineas Argentinas,lethality_00_14,0.0,fatalities_00_14,0.0,incidents_00_14,1,fatal_accidents_85_99,0
31,Aerolineas Argentinas,lethality_00_14,0.0,fatalities_00_14,0.0,incidents_00_14,1,fatal_accidents_00_14,0
32,Aeromexico*,lethality_85_99,0.3333333333333333,fatalities_85_99,107.22570341916949,incidents_85_99,3,fatal_accidents_85_99,1
33,Aeromexico*,lethality_85_99,0.3333333333333333,fatalities_85_99,107.22570341916949,incidents_85_99,3,fatal_accidents_00_14,0
34,Aeromexico*,lethality_85_99,0.3333333333333333,fatalities_85_99,107.22570341916949,incidents_00_14,5,fatal_accidents_85_99,1
35,Aeromexico*,lethality_85_99,0.3333333333333333,fatalities_85_99,107.22570341916949,incidents_00_14,5,fatal_accidents_00_14,0
36,Aeromexico*,lethality_85_99,0.3333333333333333,fatalities_00_14,0.0,incidents_85_99,3,fatal_accidents_85_99,1
37,Aeromexico*,lethality_85_99,0.3333333333333333,fatalities_00_14,0.0,incidents_85_99,3,fatal_accidents_00_14,0
38,Aeromexico*,lethality_85_99,0.3333333333333333,fatalities_00_14,0.0,incidents_00_14,5,fatal_accidents_85_99,1
39,Aeromexico*,lethality_85_99,0.3333333333333333,fatalities_00_14,0.0,incidents_00_14,5,fatal_accidents_00_14,0
40,Aeromexico*,lethality_00_14,0.0,fatalities_85_99,107.22570341916949,incidents_85_99,3,fatal_accidents_85_99,1
41,Aeromexico*,lethality_00_14,0.0,fatalities_85_99,107.22570341916949,incidents_85_99,3,fatal_accidents_00_14,0
42,Aeromexico*,lethality_00_14,0.0,fatalities_85_99,107.22570341916949,incidents_00_14,5,fatal_accidents_85_99,1
43,Aeromexico*,lethality_00_14,0.0,fatalities_85_99,107.22570341916949,incidents_00_14,5,fatal_accidents_00_14,0
44,Aeromexico*,lethality_00_14,0.0,fatalities_00_14,0.0,incidents_85_99,3,fatal_accidents_85_99,1
45,Aeromexico*,lethality_00_14,0.0,fatalities_00_14,0.0,incidents_85_99,3,fatal_accidents_00_14,0
46,Aeromexico*,lethality_00_14,0.0,fatalities_00_14,0.0,incidents_00_14,5,fatal_accidents_85_99,1
47,Aeromexico*,lethality_00_14,0.0,fatalities_00_14,0.0,incidents_00_14,5,fatal_accidents_00_14,0
48,Air Canada,lethality_85_99,0.0,fatalities_85_99,0.0,incidents_85_99,2,fatal_accidents_85_99,0
49,Air Canada,lethality_85_99,0.0,fatalities_85_99,0.0,incidents_85_99,2,fatal_accidents_00_14,0
50,Air Canada,lethality_85_99,0.0,fatalities_85_99,0.0,incidents_00_14,2,fatal_accidents_85_99,0
51,Air Canada,lethality_85_99,0.0,fatalities_85_99,0.0,incidents_00_14,2,fatal_accidents_00_14,0
52,Air Canada,lethality_85_99,0.0,fatalities_00_14,0.0,incidents_85_99,2,fatal_accidents_85_99,0
53,Air Canada,lethality_85_99,0.0,fatalities_00_14,0.0,incidents_85_99,2,fatal_accidents_00_14,0
54,Air Canada,lethality_85_99,0.0,fatalities_00_14,0.0,incidents_00_14,2,fatal_accidents_85_99,0
55,Air Canada,lethality_85_99,0.0,fatalities_00_14,0.0,incidents_00_14,2,fatal_accidents_00_14,0
56,Air Canada,lethality_00_14,0.0,fatalities_85_99,0.0,incidents_85_99,2,fatal_accidents_85_99,0
57,Air Canada,lethality_00_14,0.0,fatalities_85_99,0.0,incidents_85_99,2,fatal_accidents_00_14,0
58,Air Canada,lethality_00_14,0.0,fatalities_85_99,0.0,incidents_00_14,2,fatal_accidents_85_99,0
59,Air Canada,lethality_00_14,0.0,fatalities_85_99,0.0,incidents_00_14,2,fatal_accidents_00_14,0
60,Air Canada,lethality_00_14,0.0,fatalities_00_14,0.0,incidents_85_99,2,fatal_accidents_85_99,0
61,Air Canada,lethality_00_14,0.0,fatalities_00_14,0.0,incidents_85_99,2,fatal_accidents_00_14,0
62,Air Canada,lethality_00_14,0.0,fatalities_00_14,0.0,incidents_00_14,2,fatal_accidents_85_99,0
63,Air Canada,lethality_00_14,0.0,fatalities_00_14,0.0,incidents_00_14,2,fatal_accidents_00_14,0
64,Air France,lethality_85_99,0.2857142857142857,fatalities_85_99,26.29824567921713,incidents_85_99,14,fatal_accidents_85_99,4
65,Air France,lethality_85_99,0.2857142857142857,fatalities_85_99,26.29824567921713,incidents_85_99,14,fatal_accidents_00_14,2
66,Air France,lethality_85_99,0.2857142857142857,fatalities_85_99,26.29824567921713,incidents_00_14,6,fatal_accidents_85_99,4
67,Air France,lethality_85_99,0.2857142857142857,fatalities_85_99,26.29824567921713,incidents_00_14,6,fatal_accidents_00_14,2
68,Air France,lethality_85_99,0.2857142857142857,fatalities_00_14,112.18365561893889,incidents_85_99,14,fatal_accidents_85_99,4
69,Air France,lethality_85_99,0.2857142857142857,fatalities_00_14,112.18365561893889,incidents_85_99,14,fatal_accidents_00_14,2
70,Air France,lethality_85_99,0.2857142857142857,fatalities_00_14,112.18365561893889,incidents_00_14,6,fatal_accidents_85_99,4
71,Air France,lethality_85_99,0.2857142857142857,fatalities_00_14,112.18365561893889,incidents_00_14,6,fatal_accidents_00_14,2
72,Air France,lethality_00_14,0.3333333333333333,fatalities_85_99,26.29824567921713,incidents_85_99,14,fatal_accidents_85_99,4
73,Air France,lethality_00_14,0.3333333333333333,fatalities_85_99,26.29824567921713,incidents_85_99,14,fatal_accidents_00_14,2
74,Air France,lethality_00_14,0.3333333333333333,fatalities_85_99,26.29824567921713,incidents_00_14,6,fatal_accidents_85_99,4
75,Air France,lethality_00_14,0.3333333333333333,fatalities_85_99,26.29824567921713,incidents_00_14,6,fatal_accidents_00_14,2
76,Air France,lethality_00_14,0.3333333333333333,fatalities_00_14,112.18365561893889,incidents_85_99,14,fatal_accidents_85_99,4
77,Air France,lethality_00_14,0.3333333333333333,fatalities_00_14,112.18365561893889,incidents_85_99,14,fatal_accidents_00_14,2
78,Air France,lethality_00_14,0.3333333333333333,fatalities_00_14,112.18365561893889,incidents_00_14,6,fatal_accidents_85_99,4
79,Air France,lethality_00_14,0.3333333333333333,fatalities_00_14,112.18365561893889,incidents_00_14,6,fatal_accidents_00_14,2
80,Air India*,lethality_85_99,0.5,fatalities_85_99,378.4856550117382,incidents_85_99,2,fatal_accidents_85_99,1
81,Air India*,lethality_85_99,0.5,fatalities_85_99,378.4856550117382,incidents_85_99,2,fatal_accidents_00_14,1
82,Air India*,lethality_85_99,0.5,fatalities_85_99,378.4856550117382,incidents_00_14,4,fatal_accidents_85_99,1
83,Air India*,lethality_85_99,0.5,fatalities_85_99,378.4856550117382,incidents_00_14,4,fatal_accidents_00_14,1
84,Air India*,lethality_85_99,0.5,fatalities_00_14,181.7651473916554,incidents_85_99,2,fatal_accidents_85_99,1
85,Air India*,lethality_85_99,0.5,fatalities_00_14,181.7651473916554,incidents_85_99,2,fatal_accidents_00_14,1
86,Air India*,lethality_85_99,0.5,fatalities_00_14,181.7651473916554,incidents_00_14,4,fatal_accidents_85_99,1
87,Air India*,lethality_85_99,0.5,fatalities_00_14,181.7651473916554,incidents_00_14,4,fatal_accidents_00_14,1
88,Air India*,lethality_00_14,0.25,fatalities_85_99,378.4856550117382,incidents_85_99,2,fatal_accidents_85_99,1
89,Air India*,lethality_00_14,0.25,fatalities_85_99,378.4856550117382,incidents_85_99,2,fatal_accidents_00_14,1
90,Air India*,lethality_00_14,0.25,fatalities_85_99,378.4856550117382,incidents_00_14,4,fatal_accidents_85_99,1
91,Air India*,lethality_00_14,0.25,fatalities_85_99,378.4856550117382,incidents_00_14,4,fatal_accidents_00_14,1
92,Air India*,lethality_00_14,0.25,fatalities_00_14,181.7651473916554,incidents_85_99,2,fatal_accidents_85_99,1
93,Air India*,lethality_00_14,0.25,fatalities_00_14,181.7651473916554,incidents_85_99,2,fatal_accidents_00_14,1
94,Air India*,lethality_00_14,0.25,fatalities_00_14,181.7651473916554,incidents_00_14,4,fatal_accidents_85_99,1
95,Air India*,lethality_00_14,0.25,fatalities_00_14,181.7651473916554,incidents_00_14,4,fatal_accidents_00_14,1
96,Air New Zealand*,lethality_85_99,0.0,fatalities_85_99,0.0,incidents_85_99,3,fatal_accidents_85_99,0
97,Air New Zealand*,lethality_85_99,0.0,fatalities_85_99,0.0,incidents_85_99,3,fatal_accidents_00_14,1
98,Air New Zealand*,lethality_85_99,0.0,fatalities_85_99,0.0,incidents_00_14,5,fatal_accidents_85_99,0
99,Air New Zealand*,lethality_85_99,0.0,fatalities_85_99,0.0,incidents_00_14,5,fatal_accidents_00_14,1
100,Air New Zealand*,lethality_85_99,0.0,fatalities_00_14,9.856727994904388,incidents_85_99,3,fatal_accidents_85_99,0
101,Air New Zealand*,lethality_85_99,0.0,fatalities_00_14,9.856727994904388,incidents_85_99,3,fatal_accidents_00_14,1
102,Air New Zealand*,lethality_85_99,0.0,fatalities_00_14,9.856727994904388,incidents_00_14,5,fatal_accidents_85_99,0
103,Air New Zealand*,lethality_85_99,0.0,fatalities_00_14,9.856727994904388,incidents_00_14,5,fatal_accidents_00_14,1
104,Air New Zealand*,lethality_00_14,0.2,fatalities_85_99,0.0,incidents_85_99,3,fatal_accidents_85_99,0
105,Air New Zealand*,lethality_00_14,0.2,fatalities_85_99,0.0,incidents_85_99,3,fatal_accidents_00_14,1
106,Air New Zealand*,lethality_00_14,0.2,fatalities_85_99,0.0,incidents_00_14,5,fatal_accidents_85_99,0
107,Air New Zealand*,lethality_00_14,0.2,fatalities_85_99,0.0,incidents_00_14,5,fatal_accidents_00_14,1
108,Air New Zealand*,lethality_00_14,0.2,fatalities_00_14,9.856727994904388,incidents_85_99,3,fatal_accidents_85_99,0
109,Air New Zealand*,lethality_00_14,0.2,fatalities_00_14,9.856727994904388,incidents_85_99,3,fatal_accidents_00_14,1
110,Air New Zealand*,lethality_00_14,0.2,fatalities_00_14,9.856727994904388,incidents_00_14,5,fatal_accidents_85_99,0
111,Air New Zealand*,lethality_00_14,0.2,fatalities_00_14,9.856727994904388,incidents_00_14,5,fatal_accidents_00_14,1
112,Alaska Airlines*,lethality_85_99,0.0,fatalities_85_99,0.0,incidents_85_99,5,fatal_accidents_85_99,0
113,Alaska Airlines*,lethality_85_99,0.0,fatalities_85_99,0.0,incidents_85_99,5,fatal_accidents_00_14,1
114,Alaska Airlines*,lethality_85_99,0.0,fatalities_85_99,0.0,incidents_00_14,5,fatal_accidents_85_99,0
115,Alaska Airlines*,lethality_85_99,0.0,fatalities_85_99,0.0,incidents_00_14,5,fatal_accidents_00_14,1
116,Alaska Airlines*,lethality_85_99,0.0,fatalities_00_14,91.1589518515954,incidents_85_99,5,fatal_accidents_85_99,0
117,Alaska Airlines*,lethality_85_99,0.0,fatalities_00_14,91.1589518515954,incidents_85_99,5,fatal_accidents_00_14,1
118,Alaska Airlines*,lethality_85_99,0.0,fatalities_00_14,91.1589518515954,incidents_00_14,5,fatal_accidents_85_99,0
119,Alaska Airlines*,lethality_85_99,0.0,fatalities_00_14,91.1589518515954,incidents_00_14,5,fatal_accidents_00_14,1
120,Alaska Airlines*,lethality_00_14,0.2,fatalities_85_99,0.0,incidents_85_99,5,fatal_accidents_85_99,0
121,Alaska Airlines*,lethality_00_14,0.2,fatalities_85_99,0.0,incidents_85_99,5,fatal_accidents_00_14,1
122,Alaska Airlines*,lethality_00_14,0.2,fatalities_85_99,0.0,incidents_00_14,5,fatal_accidents_85_99,0
123,Alaska Airlines*,lethality_00_14,0.2,fatalities_85_99,0.0,incidents_00_14,5,fatal_accidents_00_14,1
124,Alaska Airlines*,lethality_00_14,0.2,fatalities_00_14,91.1589518515954,incidents_85_99,5,fatal_accidents_85_99,0
125,Alaska Airlines*,lethality_00_14,0.2,fatalities_00_14,91.1589518515954,incidents_85_99,5,fatal_accidents_00_14,1
126,Alaska Airlines*,lethality_00_14,0.2,fatalities_00_14,91.1589518515954,incidents_00_14,5,fatal_accidents_85_99,0
127,Alaska Airlines*,lethality_00_14,0.2,fatalities_00_14,91.1589518515954,incidents_00_14,5,fatal_accidents_00_14,1
128,Alitalia,lethality_85_99,0.2857142857142857,fatalities_85_99,71.63195522037773,incidents_85_99,7,fatal_accidents_85_99,2
129,Alitalia,lethality_85_99,0.2857142857142857,fatalities_85_99,71.63195522037773,incidents_85_99,7,fatal_accidents_00_14,0
130,Alitalia,lethality_85_99,0.2857142857142857,fatalities_85_99,71.63195522037773,incidents_00_14,4,fatal_accidents_85_99,2
131,Alitalia,lethality_85_99,0.2857142857142857,fatalities_85_99,71.63195522037773,incidents_00_14,4,fatal_accidents_00_14,0
132,Alitalia,lethality_85_99,0.2857142857142857,fatalities_00_14,0.0,incidents_85_99,7,fatal_accidents_85_99,2
133,Alitalia,lethality_85_99,0.2857142857142857,fatalities_00_14,0.0,incidents_85_99,7,fatal_accidents_00_14,0
134,Alitalia,lethality_85_99,0.2857142857142857,fatalities_00_14,0.0,incidents_00_14,4,fatal_accidents_85_99,2
135,Alitalia,lethality_85_99,0.2857142857142857,fatalities_00_14,0.0,incidents_00_14,4,fatal_accidents_00_14,0
136,Alitalia,lethality_00_14,0.0,fatalities_85_99,71.63195522037773,incidents_85_99,7,fatal_accidents_85_99,2
137,Alitalia,lethality_00_14,0.0,fatalities_85_99,71.63195522037773,incidents_85_99,7,fatal_accidents_00_14,0
138,Alitalia,lethality_00_14,0.0,fatalities_85_99,71.63195522037773,incidents_00_14,4,fatal_accidents_85_99,2
139,Alitalia,lethality_00_14,0.0,fatalities_85_99,71.63195522037773,incidents_00_14,4,fatal_accidents_00_14,0
140,Alitalia,lethality_00_14,0.0,fatalities_00_14,0.0,incidents_85_99,7,fatal_accidents_85_99,2
141,Alitalia,lethality_00_14,0.0,fatalities_00_14,0.0,incidents_85_99,7,fatal_accidents_00_14,0
142,Alitalia,lethality_00_14,0.0,fatalities_00_14,0.0,incidents_00_14,4,fatal_accidents_85_99,2
143,Alitalia,lethality_00_14,0.0,fatalities_00_14,0.0,incidents_00_14,4,fatal_accidents_00_14,0
144,All Nippon Airways,lethality_85_99,0.3333333333333333,fatalities_85_99,0.5431139680610002,incidents_85_99,3,fatal_accidents_85_99,1
145,All Nippon Airways,lethality_85_99,0.3333333333333333,fatalities_85_99,0.5431139680610002,incidents_85_99,3,fatal_accidents_00_14,0
146,All Nippon Airways,lethality_85_99,0.3333333333333333,fatalities_85_99,0.5431139680610002,incidents_00_14,7,fatal_accidents_85_99,1
147,All Nippon Airways,lethality_85_99,0.3333333333333333,fatalities_85_99,0.5431139680610002,incidents_00_14,7,fatal_accidents_00_14,0
148,All Nippon Airways,lethality_85_99,0.3333333333333333,fatalities_00_14,0.0,incidents_85_99,3,fatal_accidents_85_99,1
149,All Nippon Airways,lethality_85_99,0.3333333333333333,fatalities_00_14,0.0,incidents_85_99,3,fatal_accidents_00_14,0
150,All Nippon Airways,lethality_85_99,0.3333333333333333,fatalities_00_14,0.0,incidents_00_14,7,fatal_accidents_85_99,1
151,All Nippon Airways,lethality_85_99,0.3333333333333333,fatalities_00_14,0.0,incidents_00_14,7,fatal_accidents_00_14,0
152,All Nippon Airways,lethality_00_14,0.0,fatalities_85_99,0.5431139680610002,incidents_85_99,3,fatal_accidents_85_99,1
153,All Nippon Airways,lethality_00_14,0.0,fatalities_85_99,0.5431139680610002,incidents_85_99,3,fatal_accidents_00_14,0
154,All Nippon Airways,lethality_00_14,0.0,fatalities_85_99,0.5431139680610002,incidents_00_14,7,fatal_accidents_85_99,1
155,All Nippon Airways,lethality_00_14,0.0,fatalities_85_99,0.5431139680610002,incidents_00_14,7,fatal_accidents_00_14,0
156,All Nippon Airways,lethality_00_14,0.0,fatalities_00_14,0.0,incidents_85_99,3,fatal_accidents_85_99,1
157,All Nippon Airways,lethality_00_14,0.0,fatalities_00_14,0.0,incidents_85_99,3,fatal_accidents_00_14,0
158,All Nippon Airways,lethality_00_14,0.0,fatalities_00_14,0.0,incidents_00_14,7,fatal_accidents_85_99,1
159,All Nippon Airways,lethality_00_14,0.0,fatalities_00_14,0.0,incidents_00_14,7,fatal_accidents_00_14,0
160,American*,lethality_85_99,0.23809523809523808,fatalities_85_99,19.31773087261859,incidents_85_99,21,fatal_accidents_85_99,5
161,American*,lethality_85_99,0.23809523809523808,fatalities_85_99,19.31773087261859,incidents_85_99,21,fatal_accidents_00_14,3
162,American*,lethality_85_99,0.23809523809523808,fatalities_85_99,19.31773087261859,incidents_00_14,17,fatal_accidents_85_99,5
163,American*,lethality_85_99,0.23809523809523808,fatalities_85_99,19.31773087261859,incidents_00_14,17,fatal_accidents_00_14,3
164,American*,lethality_85_99,0.23809523809523808,fatalities_00_14,79.56609943573598,incidents_85_99,21,fatal_accidents_85_99,5
165,American*,lethality_85_99,0.23809523809523808,fatalities_00_14,79.56609943573598,incidents_85_99,21,fatal_accidents_00_14,3
166,American*,lethality_85_99,0.23809523809523808,fatalities_00_14,79.56609943573598,incidents_00_14,17,fatal_accidents_85_99,5
167,American*,lethality_85_99,0.23809523809523808,fatalities_00_14,79.56609943573598,incidents_00_14,17,fatal_accidents_00_14,3
168,American*,lethality_00_14,0.17647058823529413,fatalities_85_99,19.31773087261859,incidents_85_99,21,fatal_accidents_85_99,5
169,American*,lethality_00_14,0.17647058823529413,fatalities_85_99,19.31773087261859,incidents_85_99,21,fatal_accidents_00_14,3
170,American*,lethality_00_14,0.17647058823529413,fatalities_85_99,19.31773087261859,incidents_00_14,17,fatal_accidents_85_99,5
171,American*,lethality_00_14,0.17647058823529413,fatalities_85_99,19.31773087261859,incidents_00_14,17,fatal_accidents_00_14,3
172,American*,lethality_00_14,0.17647058823529413,fatalities_00_14,79.56609943573598,incidents_85_99,21,fatal_accidents_85_99,5
173,American*,lethality_00_14,0.17647058823529413,fatalities_00_14,79.56609943573598,incidents_85_99,21,fatal_accidents_00_14,3
174,American*,lethality_00_14,0.17647058823529413,fatalities_00_14,79.56609943573598,incidents_00_14,17,fatal_accidents_85_99,5
175,American*,lethality_00_14,0.17647058823529413,fatalities_00_14,79.56609943573598,incidents_00_14,17,fatal_accidents_00_14,3
176,Austrian Airlines,lethality_85_99,0.0,fatalities_85_99,0.0,incidents_85_99,1,fatal_accidents_85_99,0
177,Austrian Airlines,lethality_85_99,0.0,fatalities_85_99,0.0,incidents_85_99,1,fatal_accidents_00_14,0
178,Austrian Airlines,lethality_85_99,0.0,fatalities_85_99,0.0,incidents_00_14,1,fatal_accidents_85_99,0
179,Austrian Airlines,lethality_85_99,0.0,fatalities_85_99,0.0,incidents_00_14,1,fatal_accidents_00_14,0
180,Austrian Airlines,lethality_85_99,0.0,fatalities_00_14,0.0,incidents_85_99,1,fatal_accidents_85_99,0
181,Austrian Airlines,lethality_85_99,0.0,fatalities_00_14,0.0,incidents_85_99,1,fatal_accidents_00_14,0
182,Austrian Airlines,lethality_85_99,0.0,fatalities_00_14,0.0,incidents_00_14,1,fatal_accidents_85_99,0
183,Austrian Airlines,lethality_85_99,0.0,fatalities_00_14,0.0,incidents_00_14,1,fatal_accidents_00_14,0
184,Austrian Airlines,lethality_00_14,0.0,fatalities_85_99,0.0,incidents_85_99,1,fatal_accidents_85_99,0
185,Austrian Airlines,lethality_00_14,0.0,fatalities_85_99,0.0,incidents_85_99,1,fatal_accidents_00_14,0
186,Austrian Airlines,lethality_00_14,0.0,fatalities_85_99,0.0,incidents_00_14,1,fatal_accidents_85_99,0
187,Austrian Airlines,lethality_00_14,0.0,fatalities_85_99,0.0,incidents_00_14,1,fatal_accidents_00_14,0
188,Austrian Airlines,lethality_00_14,0.0,fatalities_00_14,0.0,incidents_85_99,1,fatal_accidents_85_99,0
189,Austrian Airlines,lethality_00_14,0.0,fatalities_00_14,0.0,incidents_85_99,1,fatal_accidents_00_14,0
190,Austrian Airlines,lethality_00_14,0.0,fatalities_00_14,0.0,incidents_00_14,1,fatal_accidents_85_99,0
191,Austrian Airlines,lethality_00_14,0.0,fatalities_00_14,0.0,incidents_00_14,1,fatal_accidents_00_14,0
192,British Airways*,lethality_85_99,0.0,fatalities_85_99,0.0,incidents_85_99,4,fatal_accidents_85_99,0
193,British Airways*,lethality_85_99,0.0,fatalities_85_99,0.0,incidents_85_99,4,fatal_accidents_00_14,0
194,British Airways*,lethality_85_99,0.0,fatalities_85_99,0.0,incidents_00_14,6,fatal_accidents_85_99,0
195,British Airways*,lethality_85_99,0.0,fatalities_85_99,0.0,incidents_00_14,6,fatal_accidents_00_14,0
196,British Airways*,lethality_85_99,0.0,fatalities_00_14,0.0,incidents_85_99,4,fatal_accidents_85_99,0
197,British Airways*,lethality_85_99,0.0,fatalities_00_14,0.0,incidents_85_99,4,fatal_accidents_00_14,0
198,British Airways*,lethality_85_99,0.0,fatalities_00_14,0.0,incidents_00_14,6,fatal_accidents_85_99,0
199,British Airways*,lethality_85_99,0.0,fatalities_00_14,0.0,incidents_00_14,6,fatal_accidents_00_14,0
200,British Airways*,lethality_00_14,0.0,fatalities_85_99,0.0,incidents_85_99,4,fatal_accidents_85_99,0
201,British Airways*,lethality_00_14,0.0,fatalities_85_99,0.0,incidents_85_99,4,fatal_accidents_00_14,0
202,British Airways*,lethality_00_14,0.0,fatalities_85_99,0.0,incidents_00_14,6,fatal_accidents_85_99,0
203,British Airways*,lethality_00_14,0.0,fatalities_85_99,0.0,incidents_00_14,6,fatal_accidents_00_14,0
204,British Airways*,lethality_00_14,0.0,fatalities_00_14,0.0,incidents_85_99,4,fatal_accidents_85_99,0
205,British Airways*,lethality_00_14,0.0,fatalities_00_14,0.0,incidents_85_99,4,fatal_accidents_00_14,0
206,British Airways*,lethality_00_14,0.0,fatalities_00_14,0.0,incidents_00_14,6,fatal_accidents_85_99,0
207,British Airways*,lethality_00_14,0.0,fatalities_00_14,0.0,incidents_00_14,6,fatal_accidents_00_14,0
208,China Airlines,lethality_85_99,0.5,fatalities_85_99,657.8813988064164,incidents_85_99,12,fatal_accidents_85_99,6
209,China Airlines,lethality_85_99,0.5,fatalities_85_99,657.8813988064164,incidents_85_99,12,fatal_accidents_00_14,1
210,China Airlines,lethality_85_99,0.5,fatalities_85_99,657.8813988064164,incidents_00_14,2,fatal_accidents_85_99,6
211,China Airlines,lethality_85_99,0.5,fatalities_85_99,657.8813988064164,incidents_00_14,2,fatal_accidents_00_14,1
212,China Airlines,lethality_85_99,0.5,fatalities_00_14,276.6790929559695,incidents_85_99,12,fatal_accidents_85_99,6
213,China Airlines,lethality_85_99,0.5,fatalities_00_14,276.6790929559695,incidents_85_99,12,fatal_accidents_00_14,1
214,China Airlines,lethality_85_99,0.5,fatalities_00_14,276.6790929559695,incidents_00_14,2,fatal_accidents_85_99,6
215,China Airlines,lethality_85_99,0.5,fatalities_00_14,276.6790929559695,incidents_00_14,2,fatal_accidents_00_14,1
216,China Airlines,lethality_00_14,0.5,fatalities_85_99,657.8813988064164,incidents_85_99,12,fatal_accidents_85_99,6
217,China Airlines,lethality_00_14,0.5,fatalities_85_99,657.8813988064164,incidents_85_99,12,fatal_accidents_00_14,1
218,China Airlines,lethality_00_14,0.5,fatalities_85_99,657.8813988064164,incidents_00_14,2,fatal_accidents_85_99,6
219,China Airlines,lethality_00_14,0.5,fatalities_85_99,657.8813988064164,incidents_00_14,2,fatal_accidents_00_14,1
220,China Airlines,lethality_00_14,0.5,fatalities_00_14,276.6790929559695,incidents_85_99,12,fatal_accidents_85_99,6
221,China Airlines,lethality_00_14,0.5,fatalities_00_14,276.6790929559695,incidents_85_99,12,fatal_accidents_00_14,1
222,China Airlines,lethality_00_14,0.5,fatalities_00_14,276.6790929559695,incidents_00_14,2,fatal_accidents_85_99,6
223,China Airlines,lethality_00_14,0.5,fatalities_00_14,276.6790929559695,incidents_00_14,2,fatal_accidents_00_14,1
224,Delta / Northwest*,lethality_85_99,0.5,fatalities_85_99,62.36918089209583,incidents_85_99,24,fatal_accidents_85_99,12
225,Delta / Northwest*,lethality_85_99,0.5,fatalities_85_99,62.36918089209583,incidents_85_99,24,fatal_accidents_00_14,2
226,Delta / Northwest*,lethality_85_99,0.5,fatalities_85_99,62.36918089209583,incidents_00_14,24,fatal_accidents_85_99,12
227,Delta / Northwest*,lethality_85_99,0.5,fatalities_85_99,62.36918089209583,incidents_00_14,24,fatal_accidents_00_14,2
228,Delta / Northwest*,lethality_85_99,0.5,fatalities_00_14,7.815302765348617,incidents_85_99,24,fatal_accidents_85_99,12
229,Delta / Northwest*,lethality_85_99,0.5,fatalities_00_14,7.815302765348617,incidents_85_99,24,fatal_accidents_00_14,2
230,Delta / Northwest*,lethality_85_99,0.5,fatalities_00_14,7.815302765348617,incidents_00_14,24,fatal_accidents_85_99,12
231,Delta / Northwest*,lethality_85_99,0.5,fatalities_00_14,7.815302765348617,incidents_00_14,24,fatal_accidents_00_14,2
232,Delta / Northwest*,lethality_00_14,0.08333333333333333,fatalities_85_99,62.36918089209583,incidents_85_99,24,fatal_accidents_85_99,12
233,Delta / Northwest*,lethality_00_14,0.08333333333333333,fatalities_85_99,62.36918089209583,incidents_85_99,24,fatal_accidents_00_14,2
234,Delta / Northwest*,lethality_00_14,0.08333333333333333,fatalities_85_99,62.36918089209583,incidents_00_14,24,fatal_accidents_85_99,12
235,Delta / Northwest*,lethality_00_14,0.08333333333333333,fatalities_85_99,62.36918089209583,incidents_00_14,24,fatal_accidents_00_14,2
236,Delta / Northwest*,lethality_00_14,0.08333333333333333,fatalities_00_14,7.815302765348617,incidents_85_99,24,fatal_accidents_85_99,12
237,Delta / Northwest*,lethality_00_14,0.08333333333333333,fatalities_00_14,7.815302765348617,incidents_85_99,24,fatal_accidents_00_14,2
238,Delta / Northwest*,lethality_00_14,0.08333333333333333,fatalities_00_14,7.815302765348617,incidents_00_14,24,fatal_accidents_85_99,12
239,Delta / Northwest*,lethality_00_14,0.08333333333333333,fatalities_00_14,7.815302765348617,incidents_00_14,24,fatal_accidents_00_14,2
240,Egyptair,lethality_85_99,0.375,fatalities_85_99,505.648296782615,incidents_85_99,8,fatal_accidents_85_99,3
241,Egyptair,lethality_85_99,0.375,fatalities_85_99,505.648296782615,incidents_85_99,8,fatal_accidents_00_14,1
242,Egyptair,lethality_85_99,0.375,fatalities_85_99,505.648296782615,incidents_00_14,4,fatal_accidents_85_99,3
243,Egyptair,lethality_85_99,0.375,fatalities_85_99,505.648296782615,incidents_00_14,4,fatal_accidents_00_14,1
244,Egyptair,lethality_85_99,0.375,fatalities_00_14,25.103106932470247,incidents_85_99,8,fatal_accidents_85_99,3
245,Egyptair,lethality_85_99,0.375,fatalities_00_14,25.103106932470247,incidents_85_99,8,fatal_accidents_00_14,1
246,Egyptair,lethality_85_99,0.375,fatalities_00_14,25.103106932470247,incidents_00_14,4,fatal_accidents_85_99,3
247,Egyptair,lethality_85_99,0.375,fatalities_00_14,25.103106932470247,incidents_00_14,4,fatal_accidents_00_14,1
248,Egyptair,lethality_00_14,0.25,fatalities_85_99,505.648296782615,incidents_85_99,8,fatal_accidents_85_99,3
249,Egyptair,lethality_00_14,0.25,fatalities_85_99,505.648296782615,incidents_85_99,8,fatal_accidents_00_14,1
250,Egyptair,lethality_00_14,0.25,fatalities_85_99,505.648296782615,incidents_00_14,4,fatal_accidents_85_99,3
251,Egyptair,lethality_00_14,0.25,fatalities_85_99,505.648296782615,incidents_00_14,4,fatal_accidents_00_14,1
252,Egyptair,lethality_00_14,0.25,fatalities_00_14,25.103106932470247,incidents_85_99,8,fatal_accidents_85_99,3
253,Egyptair,lethality_00_14,0.25,fatalities_00_14,25.103106932470247,incidents_85_99,8,fatal_accidents_00_14,1
254,Egyptair,lethality_00_14,0.25,fatalities_00_14,25.103106932470247,incidents_00_14,4,fatal_accidents_85_99,3
255,Egyptair,lethality_00_14,0.25,fatalities_00_14,25.103106932470247,incidents_00_14,4,fatal_accidents_00_14,1
256,El Al,lethality_85_99,1.0,fatalities_85_99,11.9243510938802,incidents_85_99,1,fatal_accidents_85_99,1
257,El Al,lethality_85_99,1.0,fatalities_85_99,11.9243510938802,incidents_85_99,1,fatal_accidents_00_14,0
258,El Al,lethality_85_99,1.0,fatalities_85_99,11.9243510938802,incidents_00_14,1,fatal_accidents_85_99,1
259,El Al,lethality_85_99,1.0,fatalities_85_99,11.9243510938802,incidents_00_14,1,fatal_accidents_00_14,0
260,El Al,lethality_85_99,1.0,fatalities_00_14,0.0,incidents_85_99,1,fatal_accidents_85_99,1
261,El Al,lethality_85_99,1.0,fatalities_00_14,0.0,incidents_85_99,1,fatal_accidents_00_14,0
262,El Al,lethality_85_99,1.0,fatalities_00_14,0.0,incidents_00_14,1,fatal_accidents_85_99,1
263,El Al,lethality_85_99,1.0,fatalities_00_14,0.0,incidents_00_14,1,fatal_accidents_00_14,0
264,El Al,lethality_00_14,0.0,fatalities_85_99,11.9243510938802,incidents_85_99,1,fatal_accidents_85_99,1
265,El Al,lethality_00_14,0.0,fatalities_85_99,11.9243510938802,incidents_85_99,1,fatal_accidents_00_14,0
266,El Al,lethality_00_14,0.0,fatalities_85_99,11.9243510938802,incidents_00_14,1,fatal_accidents_85_99,1
267,El Al,lethality_00_14,0.0,fatalities_85_99,11.9243510938802,incidents_00_14,1,fatal_accidents_00_14,0
268,El Al,lethality_00_14,0.0,fatalities_00_14,0.0,incidents_85_99,1,fatal_accidents_85_99,1
269,El Al,lethality_00_14,0.0,fatalities_00_14,0.0,incidents_85_99,1,fatal_accidents_00_14,0
270,El Al,lethality_00_14,0.0,fatalities_00_14,0.0,incidents_00_14,1,fatal_accidents_85_99,1
271,El Al,lethality_00_14,0.0,fatalities_00_14,0.0,incidents_00_14,1,fatal_accidents_00_14,0
272,Ethiopian Airlines,lethality_85_99,0.2,fatalities_85_99,341.8204114325271,incidents_85_99,25,fatal_accidents_85_99,5
273,Ethiopian Airlines,lethality_85_99,0.2,fatalities_85_99,341.8204114325271,incidents_85_99,25,fatal_accidents_00_14,2
274,Ethiopian Airlines,lethality_85_99,0.2,fatalities_85_99,341.8204114325271,incidents_00_14,5,fatal_accidents_85_99,5
275,Ethiopian Airlines,lethality_85_99,0.2,fatalities_85_99,341.8204114325271,incidents_00_14,5,fatal_accidents_00_14,2
276,Ethiopian Airlines,lethality_85_99,0.2,fatalities_00_14,188.3082506095359,incidents_85_99,25,fatal_accidents_85_99,5
277,Ethiopian Airlines,lethality_85_99,0.2,fatalities_00_14,188.3082506095359,incidents_85_99,25,fatal_accidents_00_14,2
278,Ethiopian Airlines,lethality_85_99,0.2,fatalities_00_14,188.3082506095359,incidents_00_14,5,fatal_accidents_85_99,5
279,Ethiopian Airlines,lethality_85_99,0.2,fatalities_00_14,188.3082506095359,incidents_00_14,5,fatal_accidents_00_14,2
280,Ethiopian Airlines,lethality_00_14,0.4,fatalities_85_99,341.8204114325271,incidents_85_99,25,fatal_accidents_85_99,5
281,Ethiopian Airlines,lethality_00_14,0.4,fatalities_85_99,341.8204114325271,incidents_85_99,25,fatal_accidents_00_14,2
282,Ethiopian Airlines,lethality_00_14,0.4,fatalities_85_99,341.8204114325271,incidents_00_14,5,fatal_accidents_85_99,5
283,Ethiopian Airlines,lethality_00_14,0.4,fatalities_85_99,341.8204114325271,incidents_00_14,5,fatal_accidents_00_14,2
284,Ethiopian Airlines,lethality_00_14,0.4,fatalities_00_14,188.3082506095359,incidents_85_99,25,fatal_accidents_85_99,5
285,Ethiopian Airlines,lethality_00_14,0.4,fatalities_00_14,188.3082506095359,incidents_85_99,25,fatal_accidents_00_14,2
286,Ethiopian Airlines,lethality_00_14,0.4,fatalities_00_14,188.3082506095359,incidents_00_14,5,fatal_accidents_85_99,5
287,Ethiopian Airlines,lethality_00_14,0.4,fatalities_00_14,188.3082506095359,incidents_00_14,5,fatal_accidents_00_14,2
288,Garuda Indonesia,lethality_85_99,0.3,fatalities_85_99,423.8969181169655,incidents_85_99,10,fatal_accidents_85_99,3
289,Garuda Indonesia,lethality_85_99,0.3,fatalities_85_99,423.8969181169655,incidents_85_99,10,fatal_accidents_00_14,2
290,Garuda Indonesia,lethality_85_99,0.3,fatalities_85_99,423.8969181169655,incidents_00_14,4,fatal_accidents_85_99,3
291,Garuda Indonesia,lethality_85_99,0.3,fatalities_85_99,423.8969181169655,incidents_00_14,4,fatal_accidents_00_14,2
292,Garuda Indonesia,lethality_85_99,0.3,fatalities_00_14,35.86820076374323,incidents_85_99,10,fatal_accidents_85_99,3
293,Garuda Indonesia,lethality_85_99,0.3,fatalities_00_14,35.86820076374323,incidents_85_99,10,fatal_accidents_00_14,2
294,Garuda Indonesia,lethality_85_99,0.3,fatalities_00_14,35.86820076374323,incidents_00_14,4,fatal_accidents_85_99,3
295,Garuda Indonesia,lethality_85_99,0.3,fatalities_00_14,35.86820076374323,incidents_00_14,4,fatal_accidents_00_14,2
296,Garuda Indonesia,lethality_00_14,0.5,fatalities_85_99,423.8969181169655,incidents_85_99,10,fatal_accidents_85_99,3
297,Garuda Indonesia,lethality_00_14,0.5,fatalities_85_99,423.8969181169655,incidents_85_99,10,fatal_accidents_00_14,2
298,Garuda Indonesia,lethality_00_14,0.5,fatalities_85_99,423.8969181169655,incidents_00_14,4,fatal_accidents_85_99,3
299,Garuda Indonesia,lethality_00_14,0.5,fatalities_85_99,423.8969181169655,incidents_00_14,4,fatal_accidents_00_14,2
300,Garuda Indonesia,lethality_00_14,0.5,fatalities_00_14,35.86820076374323,incidents_85_99,10,fatal_accidents_85_99,3
301,Garuda Indonesia,lethality_00_14,0.5,fatalities_00_14,35.86820076374323,incidents_85_99,10,fatal_accidents_00_14,2
302,Garuda Indonesia,lethality_00_14,0.5,fatalities_00_14,35.86820076374323,incidents_00_14,4,fatal_accidents_85_99,3
303,Garuda Indonesia,lethality_00_14,0.5,fatalities_00_14,35.86820076374323,incidents_00_14,4,fatal_accidents_00_14,2
304,Gulf Air,lethality_85_99,0.0,fatalities_85_99,0.0,incidents_85_99,1,fatal_accidents_85_99,0
305,Gulf Air,lethality_85_99,0.0,fatalities_85_99,0.0,incidents_85_99,1,fatal_accidents_00_14,1
306,Gulf Air,lethality_85_99,0.0,fatalities_85_99,0.0,incidents_00_14,3,fatal_accidents_85_99,0
307,Gulf Air,lethality_85_99,0.0,fatalities_85_99,0.0,incidents_00_14,3,fatal_accidents_00_14,1
308,Gulf Air,lethality_85_99,0.0,fatalities_00_14,474.4844147829674,incidents_85_99,1,fatal_accidents_85_99,0
309,Gulf Air,lethality_85_99,0.0,fatalities_00_14,474.4844147829674,incidents_85_99,1,fatal_accidents_00_14,1
310,Gulf Air,lethality_85_99,0.0,fatalities_00_14,474.4844147829674,incidents_00_14,3,fatal_accidents_85_99,0
311,Gulf Air,lethality_85_99,0.0,fatalities_00_14,474.4844147829674,incidents_00_14,3,fatal_accidents_00_14,1
312,Gulf Air,lethality_00_14,0.3333333333333333,fatalities_85_99,0.0,incidents_85_99,1,fatal_accidents_85_99,0
313,Gulf Air,lethality_00_14,0.3333333333333333,fatalities_85_99,0.0,incidents_85_99,1,fatal_accidents_00_14,1
314,Gulf Air,lethality_00_14,0.3333333333333333,fatalities_85_99,0.0,incidents_00_14,3,fatal_accidents_85_99,0
315,Gulf Air,lethality_00_14,0.3333333333333333,fatalities_85_99,0.0,incidents_00_14,3,fatal_accidents_00_14,1
316,Gulf Air,lethality_00_14,0.3333333333333333,fatalities_00_14,474.4844147829674,incidents_85_99,1,fatal_accidents_85_99,0
317,Gulf Air,lethality_00_14,0.3333333333333333,fatalities_00_14,474.4844147829674,incidents_85_99,1,fatal_accidents_00_14,1
318,Gulf Air,lethality_00_14,0.3333333333333333,fatalities_00_14,474.4844147829674,incidents_00_14,3,fatal_accidents_85_99,0
319,Gulf Air,lethality_00_14,0.3333333333333333,fatalities_00_14,474.4844147829674,incidents_00_14,3,fatal_accidents_00_14,1
320,Iberia,lethality_85_99,0.25,fatalities_85_99,126.15036281449527,incidents_85_99,4,fatal_accidents_85_99,1
321,Iberia,lethality_85_99,0.25,fatalities_85_99,126.15036281449527,incidents_85_99,4,fatal_accidents_00_14,0
322,Iberia,lethality_85_99,0.25,fatalities_85_99,126.15036281449527,incidents_00_14,5,fatal_accidents_85_99,1
323,Iberia,lethality_85_99,0.25,fatalities_85_99,126.15036281449527,incidents_00_14,5,fatal_accidents_00_14,0
324,Iberia,lethality_85_99,0.25,fatalities_00_14,0.0,incidents_85_99,4,fatal_accidents_85_99,1
325,Iberia,lethality_85_99,0.25,fatalities_00_14,0.0,incidents_85_99,4,fatal_accidents_00_14,0
326,Iberia,lethality_85_99,0.25,fatalities_00_14,0.0,incidents_00_14,5,fatal_accidents_85_99,1
327,Iberia,lethality_85_99,0.25,fatalities_00_14,0.0,incidents_00_14,5,fatal_accidents_00_14,0
328,Iberia,lethality_00_14,0.0,fatalities_85_99,126.15036281449527,incidents_85_99,4,fatal_accidents_85_99,1
329,Iberia,lethality_00_14,0.0,fatalities_85_99,126.15036281449527,incidents_85_99,4,fatal_accidents_00_14,0
330,Iberia,lethality_00_14,0.0,fatalities_85_99,126.15036281449527,incidents_00_14,5,fatal_accidents_85_99,1
331,Iberia,lethality_00_14,0.0,fatalities_85_99,126.15036281449527,incidents_00_14,5,fatal_accidents_00_14,0
332,Iberia,lethality_00_14,0.0,fatalities_00_14,0.0,incidents_85_99,4,fatal_accidents_85_99,1
333,Iberia,lethality_00_14,0.0,fatalities_00_14,0.0,incidents_85_99,4,fatal_accidents_00_14,0
334,Iberia,lethality_00_14,0.0,fatalities_00_14,0.0,incidents_00_14,5,fatal_accidents_85_99,1
335,Iberia,lethality_00_14,0.0,fatalities_00_14,0.0,incidents_00_14,5,fatal_accidents_00_14,0
336,Kenya Airways,lethality_85_99,0.0,fatalities_85_99,0.0,incidents_85_99,2,fatal_accidents_85_99,0
337,Kenya Airways,lethality_85_99,0.0,fatalities_85_99,0.0,incidents_85_99,2,fatal_accidents_00_14,2
338,Kenya Airways,lethality_85_99,0.0,fatalities_85_99,0.0,incidents_00_14,2,fatal_accidents_85_99,0
339,Kenya Airways,lethality_85_99,0.0,fatalities_85_99,0.0,incidents_00_14,2,fatal_accidents_00_14,2
340,Kenya Airways,lethality_85_99,0.0,fatalities_00_14,1020.1330502943545,incidents_85_99,2,fatal_accidents_85_99,0
341,Kenya Airways,lethality_85_99,0.0,fatalities_00_14,1020.1330502943545,incidents_85_99,2,fatal_accidents_00_14,2
342,Kenya Airways,lethality_85_99,0.0,fatalities_00_14,1020.1330502943545,incidents_00_14,2,fatal_accidents_85_99,0
343,Kenya Airways,lethality_85_99,0.0,fatalities_00_14,1020.1330502943545,incidents_00_14,2,fatal_accidents_00_14,2
344,Kenya Airways,lethality_00_14,1.0,fatalities_85_99,0.0,incidents_85_99,2,fatal_accidents_85_99,0
345,Kenya Airways,lethality_00_14,1.0,fatalities_85_99,0.0,incidents_85_99,2,fatal_accidents_00_14,2
346,Kenya Airways,lethality_00_14,1.0,fatalities_85_99,0.0,incidents_00_14,2,fatal_accidents_85_99,0
347,Kenya Airways,lethality_00_14,1.0,fatalities_85_99,0.0,incidents_00_14,2,fatal_accidents_00_14,2
348,Kenya Airways,lethality_00_14,1.0,fatalities_00_14,1020.1330502943545,incidents_85_99,2,fatal_accidents_85_99,0
349,Kenya Airways,lethality_00_14,1.0,fatalities_00_14,1020.1330502943545,incidents_85_99,2,fatal_accidents_00_14,2
350,Kenya Airways,lethality_00_14,1.0,fatalities_00_14,1020.1330502943545,incidents_00_14,2,fatal_accidents_85_99,0
351,Kenya Airways,lethality_00_14,1.0,fatalities_00_14,1020.1330502943545,incidents_00_14,2,fatal_accidents_00_14,2
352,KLM*,lethality_85_99,0.14285714285714285,fatalities_85_99,1.6003740411279581,incidents_85_99,7,fatal_accidents_85_99,1
353,KLM*,lethality_85_99,0.14285714285714285,fatalities_85_99,1.6003740411279581,incidents_85_99,7,fatal_accidents_00_14,0
354,KLM*,lethality_85_99,0.14285714285714285,fatalities_85_99,1.6003740411279581,incidents_00_14,1,fatal_accidents_85_99,1
355,KLM*,lethality_85_99,0.14285714285714285,fatalities_85_99,1.6003740411279581,incidents_00_14,1,fatal_accidents_00_14,0
356,KLM*,lethality_85_99,0.14285714285714285,fatalities_00_14,0.0,incidents_85_99,7,fatal_accidents_85_99,1
357,KLM*,lethality_85_99,0.14285714285714285,fatalities_00_14,0.0,incidents_85_99,7,fatal_accidents_00_14,0
358,KLM*,lethality_85_99,0.14285714285714285,fatalities_00_14,0.0,incidents_00_14,1,fatal_accidents_85_99,1
359,KLM*,lethality_85_99,0.14285714285714285,fatalities_00_14,0.0,incidents_00_14,1,fatal_accidents_00_14,0
360,KLM*,lethality_00_14,0.0,fatalities_85_99,1.6003740411279581,incidents_85_99,7,fatal_accidents_85_99,1
361,KLM*,lethality_00_14,0.0,fatalities_85_99,1.6003740411279581,incidents_85_99,7,fatal_accidents_00_14,0
362,KLM*,lethality_00_14,0.0,fatalities_85_99,1.6003740411279581,incidents_00_14,1,fatal_accidents_85_99,1
363,KLM*,lethality_00_14,0.0,fatalities_85_99,1.6003740411279581,incidents_00_14,1,fatal_accidents_00_14,0
364,KLM*,lethality_00_14,0.0,fatalities_00_14,0.0,incidents_85_99,7,fatal_accidents_85_99,1
365,KLM*,lethality_00_14,0.0,fatalities_00_14,0.0,incidents_85_99,7,fatal_accidents_00_14,0
366,KLM*,lethality_00_14,0.0,fatalities_00_14,0.0,incidents_00_14,1,fatal_accidents_85_99,1
367,KLM*,lethality_00_14,0.0,fatalities_00_14,0.0,incidents_00_14,1,fatal_accidents_00_14,0
368,Korean Air,lethality_85_99,0.4166666666666667,fatalities_85_99,245.02419211769222,incidents_85_99,12,fatal_accidents_85_99,5
369,Korean Air,lethality_85_99,0.4166666666666667,fatalities_85_99,245.02419211769222,incidents_85_99,12,fatal_accidents_00_14,0
370,Korean Air,lethality_85_99,0.4166666666666667,fatalities_85_99,245.02419211769222,incidents_00_14,1,fatal_accidents_85_99,5
371,Korean Air,lethality_85_99,0.4166666666666667,fatalities_85_99,245.02419211769222,incidents_00_14,1,fatal_accidents_00_14,0
372,Korean Air,lethality_85_99,0.4166666666666667,fatalities_00_14,0.0,incidents_85_99,12,fatal_accidents_85_99,5
373,Korean Air,lethality_85_99,0.4166666666666667,fatalities_00_14,0.0,incidents_85_99,12,fatal_accidents_00_14,0
374,Korean Air,lethality_85_99,0.4166666666666667,fatalities_00_14,0.0,incidents_00_14,1,fatal_accidents_85_99,5
375,Korean Air,lethality_85_99,0.4166666666666667,fatalities_00_14,0.0,incidents_00_14,1,fatal_accidents_00_14,0
376,Korean Air,lethality_00_14,0.0,fatalities_85_99,245.02419211769222,incidents_85_99,12,fatal_accidents_85_99,5
377,Korean Air,lethality_00_14,0.0,fatalities_85_99,245.02419211769222,incidents_85_99,12,fatal_accidents_00_14,0
378,Korean Air,lethality_00_14,0.0,fatalities_85_99,245.02419211769222,incidents_00_14,1,fatal_accidents_85_99,5
379,Korean Air,lethality_00_14,0.0,fatalities_85_99,245.02419211769222,incidents_00_14,1,fatal_accidents_00_14,0
380,Korean Air,lethality_00_14,0.0,fatalities_00_14,0.0,incidents_85_99,12,fatal_accidents_85_99,5
381,Korean Air,lethality_00_14,0.0,fatalities_00_14,0.0,incidents_85_99,12,fatal_accidents_00_14,0
382,Korean Air,lethality_00_14,0.0,fatalities_00_14,0.0,incidents_00_14,1,fatal_accidents_85_99,5
383,Korean Air,lethality_00_14,0.0,fatalities_00_14,0.0,incidents_00_14,1,fatal_accidents_00_14,0
384,Lufthansa*,lethality_85_99,0.16666666666666666,fatalities_85_99,0.5836809511388349,incidents_85_99,6,fatal_accidents_85_99,1
385,Lufthansa*,lethality_85_99,0.16666666666666666,fatalities_85_99,0.5836809511388349,incidents_85_99,6,fatal_accidents_00_14,0
386,Lufthansa*,lethality_85_99,0.16666666666666666,fatalities_85_99,0.5836809511388349,incidents_00_14,3,fatal_accidents_85_99,1
387,Lufthansa*,lethality_85_99,0.16666666666666666,fatalities_85_99,0.5836809511388349,incidents_00_14,3,fatal_accidents_00_14,0
388,Lufthansa*,lethality_85_99,0.16666666666666666,fatalities_00_14,0.0,incidents_85_99,6,fatal_accidents_85_99,1
389,Lufthansa*,lethality_85_99,0.16666666666666666,fatalities_00_14,0.0,incidents_85_99,6,fatal_accidents_00_14,0
390,Lufthansa*,lethality_85_99,0.16666666666666666,fatalities_00_14,0.0,incidents_00_14,3,fatal_accidents_85_99,1
391,Lufthansa*,lethality_85_99,0.16666666666666666,fatalities_00_14,0.0,incidents_00_14,3,fatal_accidents_00_14,0
392,Lufthansa*,lethality_00_14,0.0,fatalities_85_99,0.5836809511388349,incidents_85_99,6,fatal_accidents_85_99,1
393,Lufthansa*,lethality_00_14,0.0,fatalities_85_99,0.5836809511388349,incidents_85_99,6,fatal_accidents_00_14,0
394,Lufthansa*,lethality_00_14,0.0,fatalities_85_99,0.5836809511388349,incidents_00_14,3,fatal_accidents_85_99,1
395,Lufthansa*,lethality_00_14,0.0,fatalities_85_99,0.5836809511388349,incidents_00_14,3,fatal_accidents_00_14,0
396,Lufthansa*,lethality_00_14,0.0,fatalities_00_14,0.0,incidents_85_99,6,fatal_accidents_85_99,1
397,Lufthansa*,lethality_00_14,0.0,fatalities_00_14,0.0,incidents_85_99,6,fatal_accidents_00_14,0
398,Lufthansa*,lethality_00_14,0.0,fatalities_00_14,0.0,incidents_00_14,3,fatal_accidents_85_99,1
399,Lufthansa*,lethality_00_14,0.0,fatalities_00_14,0.0,incidents_00_14,3,fatal_accidents_00_14,0
400,Malaysia Airlines,lethality_85_99,0.3333333333333333,fatalities_85_99,32.71838034040133,incidents_85_99,3,fatal_accidents_85_99,1
401,Malaysia Airlines,lethality_85_99,0.3333333333333333,fatalities_85_99,32.71838034040133,incidents_85_99,3,fatal_accidents_00_14,2
402,Malaysia Airlines,lethality_85_99,0.3333333333333333,fatalities_85_99,32.71838034040133,incidents_00_14,3,fatal_accidents_85_99,1
403,Malaysia Airlines,lethality_85_99,0.3333333333333333,fatalities_85_99,32.71838034040133,incidents_00_14,3,fatal_accidents_00_14,2
404,Malaysia Airlines,lethality_85_99,0.3333333333333333,fatalities_00_14,516.7579483175152,incidents_85_99,3,fatal_accidents_85_99,1
405,Malaysia Airlines,lethality_85_99,0.3333333333333333,fatalities_00_14,516.7579483175152,incidents_85_99,3,fatal_accidents_00_14,2
406,Malaysia Airlines,lethality_85_99,0.3333333333333333,fatalities_00_14,516.7579483175152,incidents_00_14,3,fatal_accidents_85_99,1
407,Malaysia Airlines,lethality_85_99,0.3333333333333333,fatalities_00_14,516.7579483175152,incidents_00_14,3,fatal_accidents_00_14,2
408,Malaysia Airlines,lethality_00_14,0.6666666666666666,fatalities_85_99,32.71838034040133,incidents_85_99,3,fatal_accidents_85_99,1
409,Malaysia Airlines,lethality_00_14,0.6666666666666666,fatalities_85_99,32.71838034040133,incidents_85_99,3,fatal_accidents_00_14,2
410,Malaysia Airlines,lethality_00_14,0.6666666666666666,fatalities_85_99,32.71838034040133,incidents_00_14,3,fatal_accidents_85_99,1
411,Malaysia Airlines,lethality_00_14,0.6666666666666666,fatalities_85_99,32.71838034040133,incidents_00_14,3,fatal_accidents_00_14,2
412,Malaysia Airlines,lethality_00_14,0.6666666666666666,fatalities_00_14,516.7579483175152,incidents_85_99,3,fatal_accidents_85_99,1
413,Malaysia Airlines,lethality_00_14,0.6666666666666666,fatalities_00_14,516.7579483175152,incidents_85_99,3,fatal_accidents_00_14,2
414,Malaysia Airlines,lethality_00_14,0.6666666666666666,fatalities_00_14,516.7579483175152,incidents_00_14,3,fatal_accidents_85_99,1
415,Malaysia Airlines,lethality_00_14,0.6666666666666666,fatalities_00_14,516.7579483175152,incidents_00_14,3,fatal_accidents_00_14,2
416,Pakistan International,lethality_85_99,0.375,fatalities_85_99,671.3274444738544,incidents_85_99,8,fatal_accidents_85_99,3
417,Pakistan International,lethality_85_99,0.375,fatalities_85_99,671.3274444738544,incidents_85_99,8,fatal_accidents_00_14,2
418,Pakistan International,lethality_85_99,0.375,fatalities_85_99,671.3274444738544,incidents_00_14,10,fatal_accidents_85_99,3
419,Pakistan International,lethality_85_99,0.375,fatalities_85_99,671.3274444738544,incidents_00_14,10,fatal_accidents_00_14,2
420,Pakistan International,lethality_85_99,0.375,fatalities_00_14,131.9703523324671,incidents_85_99,8,fatal_accidents_85_99,3
421,Pakistan International,lethality_85_99,0.375,fatalities_00_14,131.9703523324671,incidents_85_99,8,fatal_accidents_00_14,2
422,Pakistan International,lethality_85_99,0.375,fatalities_00_14,131.9703523324671,incidents_00_14,10,fatal_accidents_85_99,3
423,Pakistan International,lethality_85_99,0.375,fatalities_00_14,131.9703523324671,incidents_00_14,10,fatal_accidents_00_14,2
424,Pakistan International,lethality_00_14,0.2,fatalities_85_99,671.3274444738544,incidents_85_99,8,fatal_accidents_85_99,3
425,Pakistan International,lethality_00_14,0.2,fatalities_85_99,671.3274444738544,incidents_85_99,8,fatal_accidents_00_14,2
426,Pakistan International,lethality_00_14,0.2,fatalities_85_99,671.3274444738544,incidents_00_14,10,fatal_accidents_85_99,3
427,Pakistan International,lethality_00_14,0.2,fatalities_85_99,671.3274444738544,incidents_00_14,10,fatal_accidents_00_14,2
428,Pakistan International,lethality_00_14,0.2,fatalities_00_14,131.9703523324671,incidents_85_99,8,fatal_accidents_85_99,3
429,Pakistan International,lethality_00_14,0.2,fatalities_00_14,131.9703523324671,incidents_85_99,8,fatal_accidents_00_14,2
430,Pakistan International,lethality_00_14,0.2,fatalities_00_14,131.9703523324671,incidents_00_14,10,fatal_accidents_85_99,3
431,Pakistan International,lethality_00_14,0.2,fatalities_00_14,131.9703523324671,incidents_00_14,10,fatal_accidents_00_14,2
432,Philippine Airlines,lethality_85_99,0.5714285714285714,fatalities_85_99,179.17365006056386,incidents_85_99,7,fatal_accidents_85_99,4
433,Philippine Airlines,lethality_85_99,0.5714285714285714,fatalities_85_99,179.17365006056386,incidents_85_99,7,fatal_accidents_00_14,1
434,Philippine Airlines,lethality_85_99,0.5714285714285714,fatalities_85_99,179.17365006056386,incidents_00_14,2,fatal_accidents_85_99,4
435,Philippine Airlines,lethality_85_99,0.5714285714285714,fatalities_85_99,179.17365006056386,incidents_00_14,2,fatal_accidents_00_14,1
436,Philippine Airlines,lethality_85_99,0.5714285714285714,fatalities_00_14,2.421265541358971,incidents_85_99,7,fatal_accidents_85_99,4
437,Philippine Airlines,lethality_85_99,0.5714285714285714,fatalities_00_14,2.421265541358971,incidents_85_99,7,fatal_accidents_00_14,1
438,Philippine Airlines,lethality_85_99,0.5714285714285714,fatalities_00_14,2.421265541358971,incidents_00_14,2,fatal_accidents_85_99,4
439,Philippine Airlines,lethality_85_99,0.5714285714285714,fatalities_00_14,2.421265541358971,incidents_00_14,2,fatal_accidents_00_14,1
440,Philippine Airlines,lethality_00_14,0.5,fatalities_85_99,179.17365006056386,incidents_85_99,7,fatal_accidents_85_99,4
441,Philippine Airlines,lethality_00_14,0.5,fatalities_85_99,179.17365006056386,incidents_85_99,7,fatal_accidents_00_14,1
442,Philippine Airlines,lethality_00_14,0.5,fatalities_85_99,179.17365006056386,incidents_00_14,2,fatal_accidents_85_99,4
443,Philippine Airlines,lethality_00_14,0.5,fatalities_85_99,179.17365006056386,incidents_00_14,2,fatal_accidents_00_14,1
444,Philippine Airlines,lethality_00_14,0.5,fatalities_00_14,2.421265541358971,incidents_85_99,7,fatal_accidents_85_99,4
445,Philippine Airlines,lethality_00_14,0.5,fatalities_00_14,2.421265541358971,incidents_85_99,7,fatal_accidents_00_14,1
446,Philippine Airlines,lethality_00_14,0.5,fatalities_00_14,2.421265541358971,incidents_00_14,2,fatal_accidents_85_99,4
447,Philippine Airlines,lethality_00_14,0.5,fatalities_00_14,2.421265541358971,incidents_00_14,2,fatal_accidents_00_14,1
448,Qantas*,lethality_85_99,0.0,fatalities_85_99,0.0,incidents_85_99,1,fatal_accidents_85_99,0
449,Qantas*,lethality_85_99,0.0,fatalities_85_99,0.0,incidents_85_99,1,fatal_accidents_00_14,0
450,Qantas*,lethality_85_99,0.0,fatalities_85_99,0.0,incidents_00_14,5,fatal_accidents_85_99,0
451,Qantas*,lethality_85_99,0.0,fatalities_85_99,0.0,incidents_00_14,5,fatal_accidents_00_14,0
452,Qantas*,lethality_85_99,0.0,fatalities_00_14,0.0,incidents_85_99,1,fatal_accidents_85_99,0
453,Qantas*,lethality_85_99,0.0,fatalities_00_14,0.0,incidents_85_99,1,fatal_accidents_00_14,0
454,Qantas*,lethality_85_99,0.0,fatalities_00_14,0.0,incidents_00_14,5,fatal_accidents_85_99,0
455,Qantas*,lethality_85_99,0.0,fatalities_00_14,0.0,incidents_00_14,5,fatal_accidents_00_14,0
456,Qantas*,lethality_00_14,0.0,fatalities_85_99,0.0,incidents_85_99,1,fatal_accidents_85_99,0
457,Qantas*,lethality_00_14,0.0,fatalities_85_99,0.0,incidents_85_99,1,fatal_accidents_00_14,0
458,Qantas*,lethality_00_14,0.0,fatalities_85_99,0.0,incidents_00_14,5,fatal_accidents_85_99,0
459,Qantas*,lethality_00_14,0.0,fatalities_85_99,0.0,incidents_00_14,5,fatal_accidents_00_14,0
460,Qantas*,lethality_00_14,0.0,fatalities_00_14,0.0,incidents_85_99,1,fatal_accidents_85_99,0
461,Qantas*,lethality_00_14,0.0,fatalities_00_14,0.0,incidents_85_99,1,fatal_accidents_00_14,0
462,Qantas*,lethality_00_14,0.0,fatalities_00_14,0.0,incidents_00_14,5,fatal_accidents_85_99,0
463,Qantas*,lethality_00_14,0.0,fatalities_00_14,0.0,incidents_00_14,5,fatal_accidents_00_14,0
464,Royal Air Maroc,lethality_85_99,0.6,fatalities_85_99,172.4689860942957,incidents_85_99,5,fatal_accidents_85_99,3
465,Royal Air Maroc,lethality_85_99,0.6,fatalities_85_99,172.4689860942957,incidents_85_99,5,fatal_accidents_00_14,0
466,Royal Air Maroc,lethality_85_99,0.6,fatalities_85_99,172.4689860942957,incidents_00_14,3,fatal_accidents_85_99,3
467,Royal Air Maroc,lethality_85_99,0.6,fatalities_85_99,172.4689860942957,incidents_00_14,3,fatal_accidents_00_14,0
468,Royal Air Maroc,lethality_85_99,0.6,fatalities_00_14,0.0,incidents_85_99,5,fatal_accidents_85_99,3
469,Royal Air Maroc,lethality_85_99,0.6,fatalities_00_14,0.0,incidents_85_99,5,fatal_accidents_00_14,0
470,Royal Air Maroc,lethality_85_99,0.6,fatalities_00_14,0.0,incidents_00_14,3,fatal_accidents_85_99,3
471,Royal Air Maroc,lethality_85_99,0.6,fatalities_00_14,0.0,incidents_00_14,3,fatal_accidents_00_14,0
472,Royal Air Maroc,lethality_00_14,0.0,fatalities_85_99,172.4689860942957,incidents_85_99,5,fatal_accidents_85_99,3
473,Royal Air Maroc,lethality_00_14,0.0,fatalities_85_99,172.4689860942957,incidents_85_99,5,fatal_accidents_00_14,0
474,Royal Air Maroc,lethality_00_14,0.0,fatalities_85_99,172.4689860942957,incidents_00_14,3,fatal_accidents_85_99,3
475,Royal Air Maroc,lethality_00_14,0.0,fatalities_85_99,172.4689860942957,incidents_00_14,3,fatal_accidents_00_14,0
476,Royal Air Maroc,lethality_00_14,0.0,fatalities_00_14,0.0,incidents_85_99,5,fatal_accidents_85_99,3
477,Royal Air Maroc,lethality_00_14,0.0,fatalities_00_14,0.0,incidents_85_99,5,fatal_accidents_00_14,0
478,Royal Air Maroc,lethality_00_14,0.0,fatalities_00_14,0.0,incidents_00_14,3,fatal_accidents_85_99,3
479,Royal Air Maroc,lethality_00_14,0.0,fatalities_00_14,0.0,incidents_00_14,3,fatal_accidents_00_14,0
480,SAS*,lethality_85_99,0.0,fatalities_85_99,0.0,incidents_85_99,5,fatal_accidents_85_99,0
481,SAS*,lethality_85_99,0.0,fatalities_85_99,0.0,incidents_85_99,5,fatal_accidents_00_14,1
482,SAS*,lethality_85_99,0.0,fatalities_85_99,0.0,incidents_00_14,6,fatal_accidents_85_99,0
483,SAS*,lethality_85_99,0.0,fatalities_85_99,0.0,incidents_00_14,6,fatal_accidents_00_14,1
484,SAS*,lethality_85_99,0.0,fatalities_00_14,161.06081045342992,incidents_85_99,5,fatal_accidents_85_99,0
485,SAS*,lethality_85_99,0.0,fatalities_00_14,161.06081045342992,incidents_85_99,5,fatal_accidents_00_14,1
486,SAS*,lethality_85_99,0.0,fatalities_00_14,161.06081045342992,incidents_00_14,6,fatal_accidents_85_99,0
487,SAS*,lethality_85_99,0.0,fatalities_00_14,161.06081045342992,incidents_00_14,6,fatal_accidents_00_14,1
488,SAS*,lethality_00_14,0.16666666666666666,fatalities_85_99,0.0,incidents_85_99,5,fatal_accidents_85_99,0
489,SAS*,lethality_00_14,0.16666666666666666,fatalities_85_99,0.0,incidents_85_99,5,fatal_accidents_00_14,1
490,SAS*,lethality_00_14,0.16666666666666666,fatalities_85_99,0.0,incidents_00_14,6,fatal_accidents_85_99,0
491,SAS*,lethality_00_14,0.16666666666666666,fatalities_85_99,0.0,incidents_00_14,6,fatal_accidents_00_14,1
492,SAS*,lethality_00_14,0.16666666666666666,fatalities_00_14,161.06081045342992,incidents_85_99,5,fatal_accidents_85_99,0
493,SAS*,lethality_00_14,0.16666666666666666,fatalities_00_14,161.06081045342992,incidents_85_99,5,fatal_accidents_00_14,1
494,SAS*,lethality_00_14,0.16666666666666666,fatalities_00_14,161.06081045342992,incidents_00_14,6,fatal_accidents_85_99,0
495,SAS*,lethality_00_14,0.16666666666666666,fatalities_00_14,161.06081045342992,incidents_00_14,6,fatal_accidents_00_14,1
496,Saudi Arabian,lethality_85_99,0.2857142857142857,fatalities_85_99,364.091546382772,incidents_85_99,7,fatal_accidents_85_99,2
497,Saudi Arabian,lethality_85_99,0.2857142857142857,fatalities_85_99,364.091546382772,incidents_85_99,7,fatal_accidents_00_14,0
498,Saudi Arabian,lethality_85_99,0.2857142857142857,fatalities_85_99,364.091546382772,incidents_00_14,11,fatal_accidents_85_99,2
499,Saudi Arabian,lethality_85_99,0.2857142857142857,fatalities_85_99,364.091546382772,incidents_00_14,11,fatal_accidents_00_14,0
500,Saudi Arabian,lethality_85_99,0.2857142857142857,fatalities_00_14,0.0,incidents_85_99,7,fatal_accidents_85_99,2
501,Saudi Arabian,lethality_85_99,0.2857142857142857,fatalities_00_14,0.0,incidents_85_99,7,fatal_accidents_00_14,0
502,Saudi Arabian,lethality_85_99,0.2857142857142857,fatalities_00_14,0.0,incidents_00_14,11,fatal_accidents_85_99,2
503,Saudi Arabian,lethality_85_99,0.2857142857142857,fatalities_00_14,0.0,incidents_00_14,11,fatal_accidents_00_14,0
504,Saudi Arabian,lethality_00_14,0.0,fatalities_85_99,364.091546382772,incidents_85_99,7,fatal_accidents_85_99,2
505,Saudi Arabian,lethality_00_14,0.0,fatalities_85_99,364.091546382772,incidents_85_99,7,fatal_accidents_00_14,0
506,Saudi Arabian,lethality_00_14,0.0,fatalities_85_99,364.091546382772,incidents_00_14,11,fatal_accidents_85_99,2
507,Saudi Arabian,lethality_00_14,0.0,fatalities_85_99,364.091546382772,incidents_00_14,11,fatal_accidents_00_14,0
508,Saudi Arabian,lethality_00_14,0.0,fatalities_00_14,0.0,incidents_85_99,7,fatal_accidents_85_99,2
509,Saudi Arabian,lethality_00_14,0.0,fatalities_00_14,0.0,incidents_85_99,7,fatal_accidents_00_14,0
510,Saudi Arabian,lethality_00_14,0.0,fatalities_00_14,0.0,incidents_00_14,11,fatal_accidents_85_99,2
511,Saudi Arabian,lethality_00_14,0.0,fatalities_00_14,0.0,incidents_00_14,11,fatal_accidents_00_14,0
512,Singapore Airlines,lethality_85_99,1.0,fatalities_85_99,2.5243411647841505,incidents_85_99,2,fatal_accidents_85_99,2
513,Singapore Airlines,lethality_85_99,1.0,fatalities_85_99,2.5243411647841505,incidents_85_99,2,fatal_accidents_00_14,1
514,Singapore Airlines,lethality_85_99,1.0,fatalities_85_99,2.5243411647841505,incidents_00_14,2,fatal_accidents_85_99,2
515,Singapore Airlines,lethality_85_99,1.0,fatalities_85_99,2.5243411647841505,incidents_00_14,2,fatal_accidents_00_14,1
516,Singapore Airlines,lethality_85_99,1.0,fatalities_00_14,34.92005277951408,incidents_85_99,2,fatal_accidents_85_99,2
517,Singapore Airlines,lethality_85_99,1.0,fatalities_00_14,34.92005277951408,incidents_85_99,2,fatal_accidents_00_14,1
518,Singapore Airlines,lethality_85_99,1.0,fatalities_00_14,34.92005277951408,incidents_00_14,2,fatal_accidents_85_99,2
519,Singapore Airlines,lethality_85_99,1.0,fatalities_00_14,34.92005277951408,incidents_00_14,2,fatal_accidents_00_14,1
520,Singapore Airlines,lethality_00_14,0.5,fatalities_85_99,2.5243411647841505,incidents_85_99,2,fatal_accidents_85_99,2
521,Singapore Airlines,lethality_00_14,0.5,fatalities_85_99,2.5243411647841505,incidents_85_99,2,fatal_accidents_00_14,1
522,Singapore Airlines,lethality_00_14,0.5,fatalities_85_99,2.5243411647841505,incidents_00_14,2,fatal_accidents_85_99,2
523,Singapore Airlines,lethality_00_14,0.5,fatalities_85_99,2.5243411647841505,incidents_00_14,2,fatal_accidents_00_14,1
524,Singapore Airlines,lethality_00_14,0.5,fatalities_00_14,34.92005277951408,incidents_85_99,2,fatal_accidents_85_99,2
525,Singapore Airlines,lethality_00_14,0.5,fatalities_00_14,34.92005277951408,incidents_85_99,2,fatal_accidents_00_14,1
526,Singapore Airlines,lethality_00_14,0.5,fatalities_00_14,34.92005277951408,incidents_00_14,2,fatal_accidents_85_99,2
527,Singapore Airlines,lethality_00_14,0.5,fatalities_00_14,34.92005277951408,incidents_00_14,2,fatal_accidents_00_14,1
528,South African,lethality_85_99,0.5,fatalities_85_99,244.05127248932095,incidents_85_99,2,fatal_accidents_85_99,1
529,South African,lethality_85_99,0.5,fatalities_85_99,244.05127248932095,incidents_85_99,2,fatal_accidents_00_14,0
530,South African,lethality_85_99,0.5,fatalities_85_99,244.05127248932095,incidents_00_14,1,fatal_accidents_85_99,1
531,South African,lethality_85_99,0.5,fatalities_85_99,244.05127248932095,incidents_00_14,1,fatal_accidents_00_14,0
532,South African,lethality_85_99,0.5,fatalities_00_14,0.0,incidents_85_99,2,fatal_accidents_85_99,1
533,South African,lethality_85_99,0.5,fatalities_00_14,0.0,incidents_85_99,2,fatal_accidents_00_14,0
534,South African,lethality_85_99,0.5,fatalities_00_14,0.0,incidents_00_14,1,fatal_accidents_85_99,1
535,South African,lethality_85_99,0.5,fatalities_00_14,0.0,incidents_00_14,1,fatal_accidents_00_14,0
536,South African,lethality_00_14,0.0,fatalities_85_99,244.05127248932095,incidents_85_99,2,fatal_accidents_85_99,1
537,South African,lethality_00_14,0.0,fatalities_85_99,244.05127248932095,incidents_85_99,2,fatal_accidents_00_14,0
538,South African,lethality_00_14,0.0,fatalities_85_99,244.05127248932095,incidents_00_14,1,fatal_accidents_85_99,1
539,South African,lethality_00_14,0.0,fatalities_85_99,244.05127248932095,incidents_00_14,1,fatal_accidents_00_14,0
540,South African,lethality_00_14,0.0,fatalities_00_14,0.0,incidents_85_99,2,fatal_accidents_85_99,1
541,South African,lethality_00_14,0.0,fatalities_00_14,0.0,incidents_85_99,2,fatal_accidents_00_14,0
542,South African,lethality_00_14,0.0,fatalities_00_14,0.0,incidents_00_14,1,fatal_accidents_85_99,1
543,South African,lethality_00_14,0.0,fatalities_00_14,0.0,incidents_00_14,1,fatal_accidents_00_14,0
544,Southwest Airlines,lethality_85_99,0.0,fatalities_85_99,0.0,incidents_85_99,1,fatal_accidents_85_99,0
545,Southwest Airlines,lethality_85_99,0.0,fatalities_85_99,0.0,incidents_85_99,1,fatal_accidents_00_14,0
546,Southwest Airlines,lethality_85_99,0.0,fatalities_85_99,0.0,incidents_00_14,8,fatal_accidents_85_99,0
547,Southwest Airlines,lethality_85_99,0.0,fatalities_85_99,0.0,incidents_00_14,8,fatal_accidents_00_14,0
548,Southwest Airlines,lethality_85_99,0.0,fatalities_00_14,0.0,incidents_85_99,1,fatal_accidents_85_99,0
549,Southwest Airlines,lethality_85_99,0.0,fatalities_00_14,0.0,incidents_85_99,1,fatal_accidents_00_14,0
550,Southwest Airlines,lethality_85_99,0.0,fatalities_00_14,0.0,incidents_00_14,8,fatal_accidents_85_99,0
551,Southwest Airlines,lethality_85_99,0.0,fatalities_00_14,0.0,incidents_00_14,8,fatal_accidents_00_14,0
552,Southwest Airlines,lethality_00_14,0.0,fatalities_85_99,0.0,incidents_85_99,1,fatal_accidents_85_99,0
553,Southwest Airlines,lethality_00_14,0.0,fatalities_85_99,0.0,incidents_85_99,1,fatal_accidents_00_14,0
554,Southwest Airlines,lethality_00_14,0.0,fatalities_85_99,0.0,incidents_00_14,8,fatal_accidents_85_99,0
555,Southwest Airlines,lethality_00_14,0.0,fatalities_85_99,0.0,incidents_00_14,8,fatal_accidents_00_14,0
556,Southwest Airlines,lethality_00_14,0.0,fatalities_00_14,0.0,incidents_85_99,1,fatal_accidents_85_99,0
557,Southwest Airlines,lethality_00_14,0.0,fatalities_00_14,0.0,incidents_85_99,1,fatal_accidents_00_14,0
558,Southwest Airlines,lethality_00_14,0.0,fatalities_00_14,0.0,incidents_00_14,8,fatal_accidents_85_99,0
559,Southwest Airlines,lethality_00_14,0.0,fatalities_00_14,0.0,incidents_00_14,8,fatal_accidents_00_14,0
560,Sri Lankan / AirLanka,lethality_85_99,0.5,fatalities_85_99,42.99979124215634,incidents_85_99,2,fatal_accidents_85_99,1
561,Sri Lankan / AirLanka,lethality_85_99,0.5,fatalities_85_99,42.99979124215634,incidents_85_99,2,fatal_accidents_00_14,0
562,Sri Lankan / AirLanka,lethality_85_99,0.5,fatalities_85_99,42.99979124215634,incidents_00_14,4,fatal_accidents_85_99,1
563,Sri Lankan / AirLanka,lethality_85_99,0.5,fatalities_85_99,42.99979124215634,incidents_00_14,4,fatal_accidents_00_14,0
564,Sri Lankan / AirLanka,lethality_85_99,0.5,fatalities_00_14,0.0,incidents_85_99,2,fatal_accidents_85_99,1
565,Sri Lankan / AirLanka,lethality_85_99,0.5,fatalities_00_14,0.0,incidents_85_99,2,fatal_accidents_00_14,0
566,Sri Lankan / AirLanka,lethality_85_99,0.5,fatalities_00_14,0.0,incidents_00_14,4,fatal_accidents_85_99,1
567,Sri Lankan / AirLanka,lethality_85_99,0.5,fatalities_00_14,0.0,incidents_00_14,4,fatal_accidents_00_14,0
568,Sri Lankan / AirLanka,lethality_00_14,0.0,fatalities_85_99,42.99979124215634,incidents_85_99,2,fatal_accidents_85_99,1
569,Sri Lankan / AirLanka,lethality_00_14,0.0,fatalities_85_99,42.99979124215634,incidents_85_99,2,fatal_accidents_00_14,0
570,Sri Lankan / AirLanka,lethality_00_14,0.0,fatalities_85_99,42.99979124215634,incidents_00_14,4,fatal_accidents_85_99,1
571,Sri Lankan / AirLanka,lethality_00_14,0.0,fatalities_85_99,42.99979124215634,incidents_00_14,4,fatal_accidents_00_14,0
572,Sri Lankan / AirLanka,lethality_00_14,0.0,fatalities_00_14,0.0,incidents_85_99,2,fatal_accidents_85_99,1
573,Sri Lankan / AirLanka,lethality_00_14,0.0,fatalities_00_14,0.0,incidents_85_99,2,fatal_accidents_00_14,0
574,Sri Lankan / AirLanka,lethality_00_14,0.0,fatalities_00_14,0.0,incidents_00_14,4,fatal_accidents_85_99,1
575,Sri Lankan / AirLanka,lethality_00_14,0.0,fatalities_00_14,0.0,incidents_00_14,4,fatal_accidents_00_14,0
576,SWISS*,lethality_85_99,0.5,fatalities_85_99,288.9220599170378,incidents_85_99,2,fatal_accidents_85_99,1
577,SWISS*,lethality_85_99,0.5,fatalities_85_99,288.9220599170378,incidents_85_99,2,fatal_accidents_00_14,0
578,SWISS*,lethality_85_99,0.5,fatalities_85_99,288.9220599170378,incidents_00_14,3,fatal_accidents_85_99,1
579,SWISS*,lethality_85_99,0.5,fatalities_85_99,288.9220599170378,incidents_00_14,3,fatal_accidents_00_14,0
580,SWISS*,lethality_85_99,0.5,fatalities_00_14,0.0,incidents_85_99,2,fatal_accidents_85_99,1
581,SWISS*,lethality_85_99,0.5,fatalities_00_14,0.0,incidents_85_99,2,fatal_accidents_00_14,0
582,SWISS*,lethality_85_99,0.5,fatalities_00_14,0.0,incidents_00_14,3,fatal_accidents_85_99,1
583,SWISS*,lethality_85_99,0.5,fatalities_00_14,0.0,incidents_00_14,3,fatal_accidents_00_14,0
584,SWISS*,lethality_00_14,0.0,fatalities_85_99,288.9220599170378,incidents_85_99,2,fatal_accidents_85_99,1
585,SWISS*,lethality_00_14,0.0,fatalities_85_99,288.9220599170378,incidents_85_99,2,fatal_accidents_00_14,0
586,SWISS*,lethality_00_14,0.0,fatalities_85_99,288.9220599170378,incidents_00_14,3,fatal_accidents_85_99,1
587,SWISS*,lethality_00_14,0.0,fatalities_85_99,288.9220599170378,incidents_00_14,3,fatal_accidents_00_14,0
588,SWISS*,lethality_00_14,0.0,fatalities_00_14,0.0,incidents_85_99,2,fatal_accidents_85_99,1
589,SWISS*,lethality_00_14,0.0,fatalities_00_14,0.0,incidents_85_99,2,fatal_accidents_00_14,0
590,SWISS*,lethality_00_14,0.0,fatalities_00_14,0.0,incidents_00_14,3,fatal_accidents_85_99,1
591,SWISS*,lethality_00_14,0.0,fatalities_00_14,0.0,incidents_00_14,3,fatal_accidents_00_14,0
592,TACA,lethality_85_99,0.3333333333333333,fatalities_85_99,11.566338817250713,incidents_85_99,3,fatal_accidents_85_99,1
593,TACA,lethality_85_99,0.3333333333333333,fatalities_85_99,11.566338817250713,incidents_85_99,3,fatal_accidents_00_14,1
594,TACA,lethality_85_99,0.3333333333333333,fatalities_85_99,11.566338817250713,incidents_00_14,1,fatal_accidents_85_99,1
595,TACA,lethality_85_99,0.3333333333333333,fatalities_85_99,11.566338817250713,incidents_00_14,1,fatal_accidents_00_14,1
596,TACA,lethality_85_99,0.3333333333333333,fatalities_00_14,11.566338817250713,incidents_85_99,3,fatal_accidents_85_99,1
597,TACA,lethality_85_99,0.3333333333333333,fatalities_00_14,11.566338817250713,incidents_85_99,3,fatal_accidents_00_14,1
598,TACA,lethality_85_99,0.3333333333333333,fatalities_00_14,11.566338817250713,incidents_00_14,1,fatal_accidents_85_99,1
599,TACA,lethality_85_99,0.3333333333333333,fatalities_00_14,11.566338817250713,incidents_00_14,1,fatal_accidents_00_14,1
600,TACA,lethality_00_14,1.0,fatalities_85_99,11.566338817250713,incidents_85_99,3,fatal_accidents_85_99,1
601,TACA,lethality_00_14,1.0,fatalities_85_99,11.566338817250713,incidents_85_99,3,fatal_accidents_00_14,1
602,TACA,lethality_00_14,1.0,fatalities_85_99,11.566338817250713,incidents_00_14,1,fatal_accidents_85_99,1
603,TACA,lethality_00_14,1.0,fatalities_85_99,11.566338817250713,incidents_00_14,1,fatal_accidents_00_14,1
604,TACA,lethality_00_14,1.0,fatalities_00_14,11.566338817250713,incidents_85_99,3,fatal_accidents_85_99,1
605,TACA,lethality_00_14,1.0,fatalities_00_14,11.566338817250713,incidents_85_99,3,fatal_accidents_00_14,1
606,TACA,lethality_00_14,1.0,fatalities_00_14,11.566338817250713,incidents_00_14,1,fatal_accidents_85_99,1
607,TACA,lethality_00_14,1.0,fatalities_00_14,11.566338817250713,incidents_00_14,1,fatal_accidents_00_14,1
608,TAM,lethality_85_99,0.375,fatalities_85_99,64.93525227146064,incidents_85_99,8,fatal_accidents_85_99,3
609,TAM,lethality_85_99,0.375,fatalities_85_99,64.93525227146064,incidents_85_99,8,fatal_accidents_00_14,2
610,TAM,lethality_85_99,0.375,fatalities_85_99,64.93525227146064,incidents_00_14,7,fatal_accidents_85_99,3
611,TAM,lethality_85_99,0.375,fatalities_85_99,64.93525227146064,incidents_00_14,7,fatal_accidents_00_14,2
612,TAM,lethality_85_99,0.375,fatalities_00_14,124.56966762280203,incidents_85_99,8,fatal_accidents_85_99,3
613,TAM,lethality_85_99,0.375,fatalities_00_14,124.56966762280203,incidents_85_99,8,fatal_accidents_00_14,2
614,TAM,lethality_85_99,0.375,fatalities_00_14,124.56966762280203,incidents_00_14,7,fatal_accidents_85_99,3
615,TAM,lethality_85_99,0.375,fatalities_00_14,124.56966762280203,incidents_00_14,7,fatal_accidents_00_14,2
616,TAM,lethality_00_14,0.2857142857142857,fatalities_85_99,64.93525227146064,incidents_85_99,8,fatal_accidents_85_99,3
617,TAM,lethality_00_14,0.2857142857142857,fatalities_85_99,64.93525227146064,incidents_85_99,8,fatal_accidents_00_14,2
618,TAM,lethality_00_14,0.2857142857142857,fatalities_85_99,64.93525227146064,incidents_00_14,7,fatal_accidents_85_99,3
619,TAM,lethality_00_14,0.2857142857142857,fatalities_85_99,64.93525227146064,incidents_00_14,7,fatal_accidents_00_14,2
620,TAM,lethality_00_14,0.2857142857142857,fatalities_00_14,124.56966762280203,incidents_85_99,8,fatal_accidents_85_99,3
621,TAM,lethality_00_14,0.2857142857142857,fatalities_00_14,124.56966762280203,incidents_85_99,8,fatal_accidents_00_14,2
622,TAM,lethality_00_14,0.2857142857142857,fatalities_00_14,124.56966762280203,incidents_00_14,7,fatal_accidents_85_99,3
623,TAM,lethality_00_14,0.2857142857142857,fatalities_00_14,124.56966762280203,incidents_00_14,7,fatal_accidents_00_14,2
624,Thai Airways,lethality_85_99,0.5,fatalities_85_99,180.8783139674616,incidents_85_99,8,fatal_accidents_85_99,4
625,Thai Airways,lethality_85_99,0.5,fatalities_85_99,180.8783139674616,incidents_85_99,8,fatal_accidents_00_14,1
626,Thai Airways,lethality_85_99,0.5,fatalities_85_99,180.8783139674616,incidents_00_14,2,fatal_accidents_85_99,4
627,Thai Airways,lethality_85_99,0.5,fatalities_85_99,180.8783139674616,incidents_00_14,2,fatal_accidents_00_14,1
628,Thai Airways,lethality_85_99,0.5,fatalities_00_14,0.5872672531411091,incidents_85_99,8,fatal_accidents_85_99,4
629,Thai Airways,lethality_85_99,0.5,fatalities_00_14,0.5872672531411091,incidents_85_99,8,fatal_accidents_00_14,1
630,Thai Airways,lethality_85_99,0.5,fatalities_00_14,0.5872672531411091,incidents_00_14,2,fatal_accidents_85_99,4
631,Thai Airways,lethality_85_99,0.5,fatalities_00_14,0.5872672531411091,incidents_00_14,2,fatal_accidents_00_14,1
632,Thai Airways,lethality_00_14,0.5,fatalities_85_99,180.8783139674616,incidents_85_99,8,fatal_accidents_85_99,4
633,Thai Airways,lethality_00_14,0.5,fatalities_85_99,180.8783139674616,incidents_85_99,8,fatal_accidents_00_14,1
634,Thai Airways,lethality_00_14,0.5,fatalities_85_99,180.8783139674616,incidents_00_14,2,fatal_accidents_85_99,4
635,Thai Airways,lethality_00_14,0.5,fatalities_85_99,180.8783139674616,incidents_00_14,2,fatal_accidents_00_14,1
636,Thai Airways,lethality_00_14,0.5,fatalities_00_14,0.5872672531411091,incidents_85_99,8,fatal_accidents_85_99,4
637,Thai Airways,lethality_00_14,0.5,fatalities_00_14,0.5872672531411091,incidents_85_99,8,fatal_accidents_00_14,1
638,Thai Airways,lethality_00_14,0.5,fatalities_00_14,0.5872672531411091,incidents_00_14,2,fatal_accidents_85_99,4
639,Thai Airways,lethality_00_14,0.5,fatalities_00_14,0.5872672531411091,incidents_00_14,2,fatal_accidents_00_14,1
640,Turkish Airlines,lethality_85_99,0.375,fatalities_85_99,32.88631422026209,incidents_85_99,8,fatal_accidents_85_99,3
641,Turkish Airlines,lethality_85_99,0.375,fatalities_85_99,32.88631422026209,incidents_85_99,8,fatal_accidents_00_14,2
642,Turkish Airlines,lethality_85_99,0.375,fatalities_85_99,32.88631422026209,incidents_00_14,8,fatal_accidents_85_99,3
643,Turkish Airlines,lethality_85_99,0.375,fatalities_85_99,32.88631422026209,incidents_00_14,8,fatal_accidents_00_14,2
644,Turkish Airlines,lethality_85_99,0.375,fatalities_00_14,43.163287414094,incidents_85_99,8,fatal_accidents_85_99,3
645,Turkish Airlines,lethality_85_99,0.375,fatalities_00_14,43.163287414094,incidents_85_99,8,fatal_accidents_00_14,2
646,Turkish Airlines,lethality_85_99,0.375,fatalities_00_14,43.163287414094,incidents_00_14,8,fatal_accidents_85_99,3
647,Turkish Airlines,lethality_85_99,0.375,fatalities_00_14,43.163287414094,incidents_00_14,8,fatal_accidents_00_14,2
648,Turkish Airlines,lethality_00_14,0.25,fatalities_85_99,32.88631422026209,incidents_85_99,8,fatal_accidents_85_99,3
649,Turkish Airlines,lethality_00_14,0.25,fatalities_85_99,32.88631422026209,incidents_85_99,8,fatal_accidents_00_14,2
650,Turkish Airlines,lethality_00_14,0.25,fatalities_85_99,32.88631422026209,incidents_00_14,8,fatal_accidents_85_99,3
651,Turkish Airlines,lethality_00_14,0.25,fatalities_85_99,32.88631422026209,incidents_00_14,8,fatal_accidents_00_14,2
652,Turkish Airlines,lethality_00_14,0.25,fatalities_00_14,43.163287414094,incidents_85_99,8,fatal_accidents_85_99,3
653,Turkish Airlines,lethality_00_14,0.25,fatalities_00_14,43.163287414094,incidents_85_99,8,fatal_accidents_00_14,2
654,Turkish Airlines,lethality_00_14,0.25,fatalities_00_14,43.163287414094,incidents_00_14,8,fatal_accidents_85_99,3
655,Turkish Airlines,lethality_00_14,0.25,fatalities_00_14,43.163287414094,incidents_00_14,8,fatal_accidents_00_14,2
656,United / Continental*,lethality_85_99,0.42105263157894735,fatalities_85_99,44.68230626787014,incidents_85_99,19,fatal_accidents_85_99,8
657,United / Continental*,lethality_85_99,0.42105263157894735,fatalities_85_99,44.68230626787014,incidents_85_99,19,fatal_accidents_00_14,2
658,United / Continental*,lethality_85_99,0.42105263157894735,fatalities_85_99,44.68230626787014,incidents_00_14,14,fatal_accidents_85_99,8
659,United / Continental*,lethality_85_99,0.42105263157894735,fatalities_85_99,44.68230626787014,incidents_00_14,14,fatal_accidents_00_14,2
660,United / Continental*,lethality_85_99,0.42105263157894735,fatalities_00_14,15.267621890902335,incidents_85_99,19,fatal_accidents_85_99,8
661,United / Continental*,lethality_85_99,0.42105263157894735,fatalities_00_14,15.267621890902335,incidents_85_99,19,fatal_accidents_00_14,2
662,United / Continental*,lethality_85_99,0.42105263157894735,fatalities_00_14,15.267621890902335,incidents_00_14,14,fatal_accidents_85_99,8
663,United / Continental*,lethality_85_99,0.42105263157894735,fatalities_00_14,15.267621890902335,incidents_00_14,14,fatal_accidents_00_14,2
664,United / Continental*,lethality_00_14,0.14285714285714285,fatalities_85_99,44.68230626787014,incidents_85_99,19,fatal_accidents_85_99,8
665,United / Continental*,lethality_00_14,0.14285714285714285,fatalities_85_99,44.68230626787014,incidents_85_99,19,fatal_accidents_00_14,2
666,United / Continental*,lethality_00_14,0.14285714285714285,fatalities_85_99,44.68230626787014,incidents_00_14,14,fatal_accidents_85_99,8
667,United / Continental*,lethality_00_14,0.14285714285714285,fatalities_85_99,44.68230626787014,incidents_00_14,14,fatal_accidents_00_14,2
668,United / Continental*,lethality_00_14,0.14285714285714285,fatalities_00_14,15.267621890902335,incidents_85_99,19,fatal_accidents_85_99,8
669,United / Continental*,lethality_00_14,0.14285714285714285,fatalities_00_14,15.267621890902335,incidents_85_99,19,fatal_accidents_00_14,2
670,United / Continental*,lethality_00_14,0.14285714285714285,fatalities_00_14,15.267621890902335,incidents_00_14,14,fatal_accidents_85_99,8
671,United / Continental*,lethality_00_14,0.14285714285714285,fatalities_00_14,15.267621890902335,incidents_00_14,14,fatal_accidents_00_14,2
672,US Airways / America West*,lethality_85_99,0.4375,fatalities_85_99,91.2168037256764,incidents_85_99,16,fatal_accidents_85_99,7
673,US Airways / America West*,lethality_85_99,0.4375,fatalities_85_99,91.2168037256764,incidents_85_99,16,fatal_accidents_00_14,2
674,US Airways / America West*,lethality_85_99,0.4375,fatalities_85_99,91.2168037256764,incidents_00_14,11,fatal_accidents_85_99,7
675,US Airways / America West*,lethality_85_99,0.4375,fatalities_85_99,91.2168037256764,incidents_00_14,11,fatal_accidents_00_14,2
676,US Airways / America West*,lethality_85_99,0.4375,fatalities_00_14,9.366011096832844,incidents_85_99,16,fatal_accidents_85_99,7
677,US Airways / America West*,lethality_85_99,0.4375,fatalities_00_14,9.366011096832844,incidents_85_99,16,fatal_accidents_00_14,2
678,US Airways / America West*,lethality_85_99,0.4375,fatalities_00_14,9.366011096832844,incidents_00_14,11,fatal_accidents_85_99,7
679,US Airways / America West*,lethality_85_99,0.4375,fatalities_00_14,9.366011096832844,incidents_00_14,11,fatal_accidents_00_14,2
680,US Airways / America West*,lethality_00_14,0.18181818181818182,fatalities_85_99,91.2168037256764,incidents_85_99,16,fatal_accidents_85_99,7
681,US Airways / America West*,lethality_00_14,0.18181818181818182,fatalities_85_99,91.2168037256764,incidents_85_99,16,fatal_accidents_00_14,2
682,US Airways / America West*,lethality_00_14,0.18181818181818182,fatalities_85_99,91.2168037256764,incidents_00_14,11,fatal_accidents_85_99,7
683,US Airways / America West*,lethality_00_14,0.18181818181818182,fatalities_85_99,91.2168037256764,incidents_00_14,11,fatal_accidents_00_14,2
684,US Airways / America West*,lethality_00_14,0.18181818181818182,fatalities_00_14,9.366011096832844,incidents_85_99,16,fatal_accidents_85_99,7
685,US Airways / America West*,lethality_00_14,0.18181818181818182,fatalities_00_14,9.366011096832844,incidents_85_99,16,fatal_accidents_00_14,2
686,US Airways / America West*,lethality_00_14,0.18181818181818182,fatalities_00_14,9.366011096832844,incidents_00_14,11,fatal_accidents_85_99,7
687,US Airways / America West*,lethality_00_14,0.18181818181818182,fatalities_00_14,9.366011096832844,incidents_00_14,11,fatal_accidents_00_14,2
688,Vietnam Airlines,lethality_85_99,0.42857142857142855,fatalities_85_99,273.5628313463804,incidents_85_99,7,fatal_accidents_85_99,3
689,Vietnam Airlines,lethality_85_99,0.42857142857142855,fatalities_85_99,273.5628313463804,incidents_85_99,7,fatal_accidents_00_14,0
690,Vietnam Airlines,lethality_85_99,0.42857142857142855,fatalities_85_99,273.5628313463804,incidents_00_14,1,fatal_accidents_85_99,3
691,Vietnam Airlines,lethality_85_99,0.42857142857142855,fatalities_85_99,273.5628313463804,incidents_00_14,1,fatal_accidents_00_14,0
692,Vietnam Airlines,lethality_85_99,0.42857142857142855,fatalities_00_14,0.0,incidents_85_99,7,fatal_accidents_85_99,3
693,Vietnam Airlines,lethality_85_99,0.42857142857142855,fatalities_00_14,0.0,incidents_85_99,7,fatal_accidents_00_14,0
694,Vietnam Airlines,lethality_85_99,0.42857142857142855,fatalities_00_14,0.0,incidents_00_14,1,fatal_accidents_85_99,3
695,Vietnam Airlines,lethality_85_99,0.42857142857142855,fatalities_00_14,0.0,incidents_00_14,1,fatal_accidents_00_14,0
696,Vietnam Airlines,lethality_00_14,0.0,fatalities_85_99,273.5628313463804,incidents_85_99,7,fatal_accidents_85_99,3
697,Vietnam Airlines,lethality_00_14,0.0,fatalities_85_99,273.5628313463804,incidents_85_99,7,fatal_accidents_00_14,0
698,Vietnam Airlines,lethality_00_14,0.0,fatalities_85_99,273.5628313463804,incidents_00_14,1,fatal_accidents_85_99,3
699,Vietnam Airlines,lethality_00_14,0.0,fatalities_85_99,273.5628313463804,incidents_00_14,1,fatal_accidents_00_14,0
700,Vietnam Airlines,lethality_00_14,0.0,fatalities_00_14,0.0,incidents_85_99,7,fatal_accidents_85_99,3
701,Vietnam Airlines,lethality_00_14,0.0,fatalities_00_14,0.0,incidents_85_99,7,fatal_accidents_00_14,0
702,Vietnam Airlines,lethality_00_14,0.0,fatalities_00_14,0.0,incidents_00_14,1,fatal_accidents_85_99,3
703,Vietnam Airlines,lethality_00_14,0.0,fatalities_00_14,0.0,incidents_00_14,1,fatal_accidents_00_14,0
704,Xiamen Airlines,lethality_85_99,0.1111111111111111,fatalities_85_99,190.49257947539746,incidents_85_99,9,fatal_accidents_85_99,1
705,Xiamen Airlines,lethality_85_99,0.1111111111111111,fatalities_85_99,190.49257947539746,incidents_85_99,9,fatal_accidents_00_14,0
706,Xiamen Airlines,lethality_85_99,0.1111111111111111,fatalities_85_99,190.49257947539746,incidents_00_14,2,fatal_accidents_85_99,1
707,Xiamen Airlines,lethality_85_99,0.1111111111111111,fatalities_85_99,190.49257947539746,incidents_00_14,2,fatal_accidents_00_14,0
708,Xiamen Airlines,lethality_85_99,0.1111111111111111,fatalities_00_14,0.0,incidents_85_99,9,fatal_accidents_85_99,1
709,Xiamen Airlines,lethality_85_99,0.1111111111111111,fatalities_00_14,0.0,incidents_85_99,9,fatal_accidents_00_14,0
710,Xiamen Airlines,lethality_85_99,0.1111111111111111,fatalities_00_14,0.0,incidents_00_14,2,fatal_accidents_85_99,1
711,Xiamen Airlines,lethality_85_99,0.1111111111111111,fatalities_00_14,0.0,incidents_00_14,2,fatal_accidents_00_14,0
712,Xiamen Airlines,lethality_00_14,0.0,fatalities_85_99,190.49257947539746,incidents_85_99,9,fatal_accidents_85_99,1
713,Xiamen Airlines,lethality_00_14,0.0,fatalities_85_99,190.49257947539746,incidents_85_99,9,fatal_accidents_00_14,0
714,Xiamen Airlines,lethality_00_14,0.0,fatalities_85_99,190.49257947539746,incidents_00_14,2,fatal_accidents_85_99,1
715,Xiamen Airlines,lethality_00_14,0.0,fatalities_85_99,190.49257947539746,incidents_00_14,2,fatal_accidents_00_14,0
716,Xiamen Airlines,lethality_00_14,0.0,fatalities_00_14,0.0,incidents_85_99,9,fatal_accidents_85_99,1
717,Xiamen Airlines,lethality_00_14,0.0,fatalities_00_14,0.0,incidents_85_99,9,fatal_accidents_00_14,0
718,Xiamen Airlines,lethality_00_14,0.0,fatalities_00_14,0.0,incidents_00_14,2,fatal_accidents_85_99,1
719,Xiamen Airlines,lethality_00_14,0.0,fatalities_00_14,0.0,incidents_00_14,2,fatal_accidents_00_14,0
